url,title,stars,reviewers,cost,cost_2,kindle,kindle_2,kindle_3
https://www.amazon.com/PYTHON-PROGRAMMING-BEGINNER-BECOME-PROGRAMMER-ebook/dp/B092DVXWRQ/ref=sr_1_276?__mk_es_US=%C3%85M%C3%85%C5%BD%C3%95%C3%91&dchild=1&keywords=data+science&qid=1619021272&sr=8-276,PYTHON PROGRAMMING: A BEGINNER;S GUIDE TO BECOME A MASTER PYTHON PROGRAMMER,5.0,33,0.0,9.99,3.02,3.02,3.02
https://www.amazon.com/ABCs-Data-Science-Scientists-Professionals/dp/1734276304/ref=sr_1_62?__mk_es_US=%C3%85M%C3%85%C5%BD%C3%95%C3%91&dchild=1&keywords=data+science&qid=1619021211&sr=8-62,"The ABCs of Data Science: By Real Data Scientists, For Future Data Scientists (Very Young Professionals)",5.0,22,0.0,0.0,0.0,9.99,0.0
https://www.amazon.com/Data-Science-Programming-Dummies-Computer/dp/1119626110/ref=sr_1_206?__mk_es_US=%C3%85M%C3%85%C5%BD%C3%95%C3%91&dchild=1&keywords=data+science&qid=1619021257&sr=8-206,Data Science Programming All-in-One For Dummies,5.0,18,0.0,0.0,0.0,0.0,0.0
https://www.amazon.com/Practical-Discrete-Mathematics-principles-algorithms/dp/1838983147/ref=sr_1_204?__mk_es_US=%C3%85M%C3%85%C5%BD%C3%95%C3%91&dchild=1&keywords=data+science&qid=1619021257&sr=8-204,Practical Discrete Mathematics: Discover math principles that fuel algorithms for computer science and machine learning with Python,5.0,10,0.0,31.56,0.0,59.99,0.0
https://www.amazon.com/Data-Science-Education-Using-R/dp/0367422255/ref=sr_1_44?__mk_es_US=%C3%85M%C3%85%C5%BD%C3%95%C3%91&dchild=1&keywords=data+science&qid=1619021195&sr=8-44,Data Science in Education Using R,5.0,9,0.0,0.0,0.0,0.0,0.0
https://www.amazon.com/Python-Data-Analysis-collection-visualization/dp/1789955246/ref=sr_1_115?__mk_es_US=%C3%85M%C3%85%C5%BD%C3%95%C3%91&dchild=1&keywords=data+science&qid=1619021226&sr=8-115,"Python Data Analysis: Perform data collection, data processing, wrangling, visualization, and model building using Python, 3rd Edition",5.0,8,0.0,23.25,0.0,34.99,0.0
https://www.amazon.com/Fighting-Churn-Data-Carl-Gold/dp/161729652X/ref=sr_1_176?__mk_es_US=%C3%85M%C3%85%C5%BD%C3%95%C3%91&dchild=1&keywords=data+science&qid=1619021241&sr=8-176,Fighting Churn with Data: The science and strategy of customer retention,5.0,7,0.0,0.0,0.0,0.0,0.0
https://www.amazon.com/Applied-Data-Science-Using-PySpark/dp/1484264991/ref=sr_1_166?__mk_es_US=%C3%85M%C3%85%C5%BD%C3%95%C3%91&dchild=1&keywords=data+science&qid=1619021241&sr=8-166,Applied Data Science Using PySpark: Learn the End-to-End Predictive Model-Building Cycle,5.0,7,0.0,36.97,0.0,34.71,0.0
https://www.amazon.com/Introduction-Biomedical-Data-Science-Robert/dp/179476173X/ref=sr_1_54?__mk_es_US=%C3%85M%C3%85%C5%BD%C3%95%C3%91&dchild=1&keywords=data+science&qid=1619021211&sr=8-54,Introduction to Biomedical Data Science,5.0,6,0.0,0.0,0.0,64.95,0.0
https://www.amazon.com/Statistics-Health-Data-Science-Approach-ebook/dp/B08S3QNYCV/ref=sr_1_23?__mk_es_US=%C3%85M%C3%85%C5%BD%C3%95%C3%91&dchild=1&keywords=data+science&qid=1619021195&sr=8-23,Statistics for Health Data Science: An Organic Approach (Springer Texts in Statistics),5.0,5,0.0,0.0,0.0,0.0,0.0
https://www.amazon.com/Docker-Data-Science-Extensible-Infrastructure/dp/1484230116/ref=sr_1_284?__mk_es_US=%C3%85M%C3%85%C5%BD%C3%95%C3%91&dchild=1&keywords=data+science&qid=1619021272&sr=8-284,Docker for Data Science: Building Scalable and Extensible Data Infrastructure Around the Jupyter Notebook Server,5.0,5,0.0,30.84,0.0,34.99,0.0
https://www.amazon.com/Fundamentals-Data-Science-Learning-Machine-ebook/dp/B081TDVR46/ref=sr_1_197?__mk_es_US=%C3%85M%C3%85%C5%BD%C3%95%C3%91&dchild=1&keywords=data+science&qid=1619021257&sr=8-197,"The Fundamentals of Data Science: Big Data, Deep Learning, and Machine Learning: What you need to know about data science and why it matters",5.0,5,0.0,19.97,3.02,3.02,3.02
https://www.amazon.com/Cleaning-Data-Effective-Science-command-line/dp/1801071292/ref=sr_1_51?__mk_es_US=%C3%85M%C3%85%C5%BD%C3%95%C3%91&dchild=1&keywords=data+science&qid=1619021195&sr=8-51,"Cleaning Data for Effective Data Science: Doing the other 80% of the work with Python, R, and command-line tools",5.0,4,0.0,18.06,0.0,39.99,0.0
https://www.amazon.com/Python-Data-Science-Essentials-practitioners-ebook/dp/B07H5KBDVL/ref=sr_1_266?__mk_es_US=%C3%85M%C3%85%C5%BD%C3%95%C3%91&dchild=1&keywords=data+science&qid=1619021272&sr=8-266,"Python Data Science Essentials: A practitionerâ€™s guide covering essential data science principles, tools, and techniques, 3rd Edition",5.0,4,0.0,44.99,31.76,31.76,31.76
https://www.amazon.com/Applied-Data-Science-Workshop-applications/dp/1800202504/ref=sr_1_12?__mk_es_US=%C3%85M%C3%85%C5%BD%C3%95%C3%91&dchild=1&keywords=data+science&qid=1619021195&sr=8-12,"The Applied Data Science Workshop: Get started with the applications of data science and techniques to explore and assess data effectively, 2nd Edition",5.0,3,0.0,16.39,0.0,34.99,0.0
https://www.amazon.com/Smarter-Data-Science-Succeeding-Enterprise-Grade/dp/1119693411/ref=sr_1_143?__mk_es_US=%C3%85M%C3%85%C5%BD%C3%95%C3%91&dchild=1&keywords=data+science&qid=1619021226&sr=8-143,Smarter Data Science: Succeeding with Enterprise-Grade Data and AI Projects,5.0,3,0.0,41.94,0.0,0.0,0.0
https://www.amazon.com/Statistical-Machine-Learning-Unified-Framework/dp/1138484695/ref=sr_1_236?__mk_es_US=%C3%85M%C3%85%C5%BD%C3%95%C3%91&dchild=1&keywords=data+science&qid=1619021257&sr=8-236,Statistical Machine Learning: A Unified Framework (Chapman & Hall/CRC Texts in Statistical Science),5.0,3,0.0,0.0,0.0,0.0,0.0
https://www.amazon.com/Predictive-Analytics-Machine-Learning-Practitioners/dp/0136738516/ref=sr_1_291?__mk_es_US=%C3%85M%C3%85%C5%BD%C3%95%C3%91&dchild=1&keywords=data+science&qid=1619021286&sr=8-291,"Predictive Analytics: Data Mining, Machine Learning and Data Science for Practitioners (FT Press Analytics)",5.0,3,0.0,0.0,0.0,0.0,0.0
https://www.amazon.com/Hands-Data-Science-Command-Line/dp/1789132983/ref=sr_1_201?__mk_es_US=%C3%85M%C3%85%C5%BD%C3%95%C3%91&dchild=1&keywords=data+science&qid=1619021257&sr=8-201,Hands-On Data Science with the Command Line: Automate everyday data science tasks using command-line tools,5.0,3,0.0,18.17,0.0,0.0,0.0
https://www.amazon.com/Data-Science-Quick-Reference-Libraries/dp/1484248937/ref=sr_1_193?__mk_es_US=%C3%85M%C3%85%C5%BD%C3%95%C3%91&dchild=1&keywords=data+science&qid=1619021257&sr=8-193,"R Data Science Quick Reference: A Pocket Guide to APIs, Libraries, and Packages",5.0,3,0.0,31.61,0.0,37.32,0.0
https://www.amazon.com/Data-Science-Business-Decision-Making/dp/0128112166/ref=sr_1_134?__mk_es_US=%C3%85M%C3%85%C5%BD%C3%95%C3%91&dchild=1&keywords=data+science&qid=1619021226&sr=8-134,Data Science for Business and Decision Making,5.0,2,0.0,0.0,0.0,0.0,0.0
https://www.amazon.com/Data-Governance-Definitive-Operationalize-Trustworthiness/dp/1492063495/ref=sr_1_192?__mk_es_US=%C3%85M%C3%85%C5%BD%C3%95%C3%91&dchild=1&keywords=data+science&qid=1619021241&sr=8-192,"Data Governance: The Definitive Guide: People, Processes, and Tools to Operationalize Data Trustworthiness",5.0,2,0.0,0.0,0.0,0.0,0.0
https://www.amazon.com/Child-Data-Citizen-Companies-Profiling/dp/0262044714/ref=sr_1_232?__mk_es_US=%C3%85M%C3%85%C5%BD%C3%95%C3%91&dchild=1&keywords=data+science&qid=1619021257&sr=8-232,Child Data Citizen: How Tech Companies Are Profiling Us from Before Birth,5.0,2,0.0,20.36,0.0,28.01,0.0
https://www.amazon.com/Applied-Natural-Language-Processing-Workshop/dp/180020874X/ref=sr_1_223?__mk_es_US=%C3%85M%C3%85%C5%BD%C3%95%C3%91&dchild=1&keywords=data+science&qid=1619021257&sr=8-223,The Applied AI and Natural Language Processing Workshop: Explore practical ways to transform your simple projects into powerful intelligent applications,5.0,2,0.0,18.12,0.0,39.99,0.0
https://www.amazon.com/First-order-Stochastic-Optimization-Learning-Springer/dp/3030395677/ref=sr_1_219?__mk_es_US=%C3%85M%C3%85%C5%BD%C3%95%C3%91&dchild=1&keywords=data+science&qid=1619021257&sr=8-219,First-order and Stochastic Optimization Methods for Machine Learning (Springer Series in the Data Sciences),5.0,2,0.0,0.0,0.0,0.0,0.0
https://www.amazon.com/Meaning-Data-Statistics-Courses-Mathematics/dp/B000RC2RP2/ref=sr_1_259?__mk_es_US=%C3%85M%C3%85%C5%BD%C3%95%C3%91&dchild=1&keywords=data+science&qid=1619021272&sr=8-259,Meaning from Data: Statistics Made Clear The Great Courses Science & Mathematics 2-part set/4 DVD's,5.0,2,0.0,0.0,0.0,0.0,0.0
https://www.amazon.com/Becoming-Data-Head-Understand-Statistics/dp/1119741742/ref=sr_1_19?__mk_es_US=%C3%85M%C3%85%C5%BD%C3%95%C3%91&dchild=1&keywords=data+science&qid=1619021195&sr=8-19,"Becoming a Data Head: How to Think, Speak, and Understand Data Science, Statistics, and Machine Learning",5.0,1,0.0,33.55,0.0,40.0,0.0
https://www.amazon.com/DATA-SCIENCE-Beginners-Effective-Effectively-ebook/dp/B08Z41M9CW/ref=sr_1_41?__mk_es_US=%C3%85M%C3%85%C5%BD%C3%95%C3%91&dchild=1&keywords=data+science&qid=1619021195&sr=8-41,DATA SCIENCE: 3 in 1- Beginner's Guide+ Simple and Effective Tips and Tricks+ Advanced Guide to Learn the Realms of Data Science Effectively,5.0,1,0.0,49.99,7.51,7.51,7.51
https://www.amazon.com/Data-Mining-Concepts-Methodologies-Applications-4/dp/1466624558/ref=sr_1_226?__mk_es_US=%C3%85M%C3%85%C5%BD%C3%95%C3%91&dchild=1&keywords=data+science&qid=1619021257&sr=8-226,"Data Mining: Concepts, Methodologies, Tools, and Applications-4 Volume set",5.0,1,0.0,0.0,0.0,0.0,0.0
https://www.amazon.com/Statistical-Foundations-Data-Science-Chapman-ebook/dp/B08HJQBGQK/ref=sr_1_209?__mk_es_US=%C3%85M%C3%85%C5%BD%C3%95%C3%91&dchild=1&keywords=data+science&qid=1619021257&sr=8-209,Statistical Foundations of Data Science (Chapman & Hall/CRC Data Science Series),5.0,1,0.0,0.0,0.0,0.0,0.0
https://www.amazon.com/Science-Machine-Learning-Interview-Questions/dp/938984584X/ref=sr_1_200?__mk_es_US=%C3%85M%C3%85%C5%BD%C3%95%C3%91&dchild=1&keywords=data+science&qid=1619021257&sr=8-200,Data Science and Machine Learning Interview Questions Using R: Crack the Data Scientist and Machine Learning Engineers Interviews with Ease (English Edition),5.0,1,0.0,8.14,0.0,19.95,0.0
https://www.amazon.com/Data-Science-Decision-Makers-Professionals/dp/9082809176/ref=sr_1_151?__mk_es_US=%C3%85M%C3%85%C5%BD%C3%95%C3%91&dchild=1&keywords=data+science&qid=1619021241&sr=8-151,"Data Science for Decision Makers & Data Professionals: Creating an Intelligent, Data-Driven Organization with AI, BI & Big Data",5.0,1,0.0,24.98,0.0,28.99,0.0
https://www.amazon.com/Political-Data-Science-Practical-Chapman/dp/0367818892/ref=sr_1_97?__mk_es_US=%C3%85M%C3%85%C5%BD%C3%95%C3%91&dchild=1&keywords=data+science&qid=1619021226&sr=8-97,R for Political Data Science: A Practical Guide (Chapman & Hall/CRC The R Series),5.0,1,0.0,0.0,0.0,0.0,0.0
https://www.amazon.com/16-2-Building-Web-Search-Engine/dp/B06XPQZSKL/ref=sr_1_57?__mk_es_US=%C3%85M%C3%85%C5%BD%C3%95%C3%91&dchild=1&keywords=data+science&qid=1619021211&sr=8-57,nan,5.0,0,0.0,0.0,0.0,0.0,0.0
https://www.amazon.com/Feminism-Strong-Ideas-Catherine-DIgnazio/dp/0262044005/ref=sr_1_296?__mk_es_US=%C3%85M%C3%85%C5%BD%C3%95%C3%91&dchild=1&keywords=data+science&qid=1619021286&sr=8-296,Data Feminism (Strong Ideas),4.9,123,0.0,23.88,0.0,0.0,0.0
https://www.amazon.com/Common-Sense-Guide-Structures-Algorithms-Second/dp/1680507222/ref=sr_1_34?__mk_es_US=%C3%85M%C3%85%C5%BD%C3%95%C3%91&dchild=1&keywords=data+science&qid=1619021195&sr=8-34,"A Common-Sense Guide to Data Structures and Algorithms, Second Edition: Level Up Your Core Programming Skills",4.9,89,0.0,0.0,0.0,0.0,0.0
https://www.amazon.com/Hands-Introduction-Data-Science/dp/1108472443/ref=sr_1_13?__mk_es_US=%C3%85M%C3%85%C5%BD%C3%95%C3%91&dchild=1&keywords=data+science&qid=1619021195&sr=8-13,A Hands-On Introduction to Data Science,4.9,31,0.0,0.0,0.0,0.0,0.0
https://www.amazon.com/Foundations-Data-Science-Avrim-Blum/dp/1108485065/ref=sr_1_17?__mk_es_US=%C3%85M%C3%85%C5%BD%C3%95%C3%91&dchild=1&keywords=data+science&qid=1619021195&sr=8-17,Foundations of Data Science,4.9,22,0.0,0.0,0.0,0.0,0.0
https://www.amazon.com/Quantitative-Social-Science-Data-Introduction/dp/1526411504/ref=sr_1_173?__mk_es_US=%C3%85M%C3%85%C5%BD%C3%95%C3%91&dchild=1&keywords=data+science&qid=1619021241&sr=8-173,Quantitative Social Science Data with R: An Introduction,4.9,11,0.0,0.0,0.0,0.0,0.0
https://www.amazon.com/Science-Crash-Course-Beginners-Python-ebook/dp/B08H4JKTVL/ref=sr_1_84?__mk_es_US=%C3%85M%C3%85%C5%BD%C3%95%C3%91&dchild=1&keywords=data+science&qid=1619021211&sr=8-84,Data Science Crash Course for Beginners with Python: Fundamentals and Practices with Python (Machine Learning & Data Science for Beginners),4.9,9,0.0,15.99,4.14,4.14,4.14
https://www.amazon.com/Red-Data-Girl-Bryn-Apprill/dp/B01N908TDJ/ref=sr_1_53?__mk_es_US=%C3%85M%C3%85%C5%BD%C3%95%C3%91&dchild=1&keywords=data+science&qid=1619021211&sr=8-53,Red Data Girl: The Complete Series - S.A.V.E. (Super Amazing Value Edition),4.8,932,0.0,0.0,0.0,24.98,0.0
https://www.amazon.com/Build-Career-Science-Jacqueline-Nolis/dp/1617296244/ref=sr_1_5?__mk_es_US=%C3%85M%C3%85%C5%BD%C3%95%C3%91&dchild=1&keywords=data+science&qid=1619021195&sr=8-5,Build a Career in Data Science,4.8,49,0.0,0.0,0.0,0.0,0.0
https://www.amazon.com/Science-Design-Manual-Texts-Computer/dp/3319554433/ref=sr_1_82?__mk_es_US=%C3%85M%C3%85%C5%BD%C3%95%C3%91&dchild=1&keywords=data+science&qid=1619021211&sr=8-82,The Data Science Design Manual (Texts in Computer Science),4.8,39,0.0,0.0,0.0,0.0,0.0
https://www.amazon.com/Better-Data-Visualizations-Scholars-Researchers/dp/0231193114/ref=sr_1_32?__mk_es_US=%C3%85M%C3%85%C5%BD%C3%95%C3%91&dchild=1&keywords=data+science&qid=1619021195&sr=8-32,"Better Data Visualizations: A Guide for Scholars, Researchers, and Wonks",4.8,33,0.0,95.0,0.0,24.95,0.0
https://www.amazon.com/Trader-Construction-Kit-Fundamental-Quantitative/dp/0997629517/ref=sr_1_165?__mk_es_US=%C3%85M%C3%85%C5%BD%C3%95%C3%91&dchild=1&keywords=data+science&qid=1619021241&sr=8-165,"Trader Construction Kit: Fundamental & Technical Analysis, Risk Management, Directional Trading, Spreads, Options, Quantitative Strategies, Execution, Position Management, Data Science & Programming",4.8,30,0.0,0.0,0.0,89.1,0.0
https://www.amazon.com/Never-Split-Difference-audiobook/dp/B01COR1GM2/ref=sr_1_221?__mk_es_US=%C3%85M%C3%85%C5%BD%C3%95%C3%91&dchild=1&keywords=data+science&qid=1619021257&sr=8-221,Never Split the Difference: Negotiating as if Your Life Depended on It,4.8,16,0.0,6.46,0.0,0.0,0.0
https://www.amazon.com/Things-Ethics-Everyone-Science-Should/dp/1492072664/ref=sr_1_66?__mk_es_US=%C3%85M%C3%85%C5%BD%C3%95%C3%91&dchild=1&keywords=data+science&qid=1619021211&sr=8-66,97 Things About Ethics Everyone in Data Science Should Know: Collective Wisdom from the Experts,4.8,12,0.0,0.0,0.0,0.0,0.0
https://www.amazon.com/Data-Pipelines-Pocket-Reference-Processing/dp/1492087831/ref=sr_1_231?__mk_es_US=%C3%85M%C3%85%C5%BD%C3%95%C3%91&dchild=1&keywords=data+science&qid=1619021257&sr=8-231,Data Pipelines Pocket Reference: Moving and Processing Data for Analytics,4.8,9,0.0,0.0,0.0,0.0,0.0
https://www.amazon.com/Python-Data-Science-Hands-Project-Based/dp/1914185102/ref=sr_1_81?__mk_es_US=%C3%85M%C3%85%C5%BD%C3%95%C3%91&dchild=1&keywords=data+science&qid=1619021211&sr=8-81,"Python Data Science: Learn Python in a Week and Master It. An Hands-On Introduction to Big Data Analysis and Mining, a Project-Based Guide with Practical Exercises (7 Days Crash Course)",4.8,8,0.0,1.17,0.0,23.95,0.0
https://www.amazon.com/Data-Science-Workshop-learning-real-world/dp/1800566921/ref=sr_1_76?__mk_es_US=%C3%85M%C3%85%C5%BD%C3%95%C3%91&dchild=1&keywords=data+science&qid=1619021211&sr=8-76,"The Data Science Workshop: Learn how you can build machine learning models and create your own real-world data science projects, 2nd Edition",4.8,6,0.0,8.28,0.0,39.99,0.0
https://www.amazon.com/Beginning-Data-Science-Visualization-Modelling/dp/1484226704/ref=sr_1_220?__mk_es_US=%C3%85M%C3%85%C5%BD%C3%95%C3%91&dchild=1&keywords=data+science&qid=1619021257&sr=8-220,"Beginning Data Science in R: Data Analysis, Visualization, and Modelling for the Data Scientist",4.8,6,0.0,49.37,0.0,44.7,0.0
https://www.amazon.com/Star-Trek-Generation-Picture-Collection/dp/B016OLA1A2/ref=sr_1_112?__mk_es_US=%C3%85M%C3%85%C5%BD%C3%95%C3%91&dchild=1&keywords=data+science&qid=1619021226&sr=8-112,Star Trek: The Next Generation Motion Picture Collection,4.8,2,0.0,20.78,0.0,10.79,0.0
https://www.amazon.com/Designing-Data-Intensive-Applications-Reliable-Maintainable/dp/1449373321/ref=sr_1_33?__mk_es_US=%C3%85M%C3%85%C5%BD%C3%95%C3%91&dchild=1&keywords=data+science&qid=1619021195&sr=8-33,"Designing Data-Intensive Applications: The Big Ideas Behind Reliable, Scalable, and Maintainable Systems",4.8,1,0.0,16.5,0.0,33.0,0.0
https://www.amazon.com/Hands-Machine-Learning-Scikit-Learn-TensorFlow/dp/1492032646/ref=sr_1_51?__mk_es_US=%C3%85M%C3%85%C5%BD%C3%95%C3%91&dchild=1&keywords=data+science&qid=1619021211&sr=8-51,"Hands-On Machine Learning with Scikit-Learn, Keras, and TensorFlow: Concepts, Tools, and Techniques to Build Intelligent Systems",4.8,1,0.0,0.0,0.0,0.0,0.0
https://www.amazon.com/Data-Science-Transform-Visualize-Model/dp/1491910399/ref=sr_1_8?__mk_es_US=%C3%85M%C3%85%C5%BD%C3%95%C3%91&dchild=1&keywords=data+science&qid=1619021195&sr=8-8,"R for Data Science: Import, Tidy, Transform, Visualize, and Model Data",4.7,957,0.0,0.0,0.0,0.0,0.0
https://www.amazon.com/Open-Borders-Science-Ethics-Immigration/dp/1250316960/ref=sr_1_279?__mk_es_US=%C3%85M%C3%85%C5%BD%C3%95%C3%91&dchild=1&keywords=data+science&qid=1619021272&sr=8-279,Open Borders: The Science and Ethics of Immigration,4.7,511,0.0,11.95,0.0,8.97,0.0
https://www.amazon.com/Complete-Sherlock-Holmes-Arthur-Conan-ebook/dp/B092D76JRW/ref=sr_1_92?__mk_es_US=%C3%85M%C3%85%C5%BD%C3%95%C3%91&dchild=1&keywords=data+science&qid=1619021211&sr=8-92,The Complete Sherlock Holmes,4.7,386,0.0,0.0,0.0,0.99,0.0
https://www.amazon.com/Complete-Sherlock-Holmes-Arthur-Conan-ebook/dp/B092D76JRW/ref=sr_1_147?__mk_es_US=%C3%85M%C3%85%C5%BD%C3%95%C3%91&dchild=1&keywords=data+science&qid=1619021241&sr=8-147,The Complete Sherlock Holmes,4.7,386,0.0,0.0,0.0,0.99,0.0
https://www.amazon.com/Biology-Cancer-2nd-Robert-Weinberg/dp/0815342209/ref=sr_1_225?__mk_es_US=%C3%85M%C3%85%C5%BD%C3%95%C3%91&dchild=1&keywords=data+science&qid=1619021257&sr=8-225,"The Biology of Cancer, 2nd Edition",4.7,299,0.0,0.0,0.0,0.0,0.0
https://www.amazon.com/Mathematics-Machine-Learning-Peter-Deisenroth/dp/110845514X/ref=sr_1_234?__mk_es_US=%C3%85M%C3%85%C5%BD%C3%95%C3%91&dchild=1&keywords=data+science&qid=1619021257&sr=8-234,Mathematics for Machine Learning,4.7,254,0.0,0.0,0.0,0.0,0.0
https://www.amazon.com/Intro-Python-Computer-Science-Data/dp/0135404673/ref=sr_1_24?__mk_es_US=%C3%85M%C3%85%C5%BD%C3%95%C3%91&dchild=1&keywords=data+science&qid=1619021195&sr=8-24,"Intro to Python for Computer Science and Data Science: Learning to Program with AI, Big Data and The Cloud",4.7,164,0.0,0.0,0.0,0.0,0.0
https://www.amazon.com/Trustworthy-Online-Controlled-Experiments-Practical/dp/1108724264/ref=sr_1_287?__mk_es_US=%C3%85M%C3%85%C5%BD%C3%95%C3%91&dchild=1&keywords=data+science&qid=1619021272&sr=8-287,Trustworthy Online Controlled Experiments: A Practical Guide to A/B Testing,4.7,151,0.0,0.0,0.0,0.0,0.0
https://www.amazon.com/Data-Driven-Science-Engineering-Learning-Dynamical/dp/1108422098/ref=sr_1_22?__mk_es_US=%C3%85M%C3%85%C5%BD%C3%95%C3%91&dchild=1&keywords=data+science&qid=1619021195&sr=8-22,"Data-Driven Science and Engineering: Machine Learning, Dynamical Systems, and Control",4.7,126,0.0,0.0,0.0,0.0,0.0
https://www.amazon.com/Analyzing-Neural-Time-Data-Practice/dp/0262019876/ref=sr_1_270?__mk_es_US=%C3%85M%C3%85%C5%BD%C3%95%C3%91&dchild=1&keywords=data+science&qid=1619021272&sr=8-270,Analyzing Neural Time Series Data: Theory and Practice (The MIT Press),4.7,73,0.0,58.42,0.0,65.53,0.0
https://www.amazon.com/Analyzing-Baseball-Data-Second-Chapman/dp/0815353510/ref=sr_1_111?__mk_es_US=%C3%85M%C3%85%C5%BD%C3%95%C3%91&dchild=1&keywords=data+science&qid=1619021226&sr=8-111,"Analyzing Baseball Data with R, Second Edition (Chapman & Hall/CRC The R Series)",4.7,46,0.0,0.0,0.0,0.0,0.0
https://www.amazon.com/High-Dimensional-Probability-Introduction-Applications-Probabilistic/dp/1108415199/ref=sr_1_177?__mk_es_US=%C3%85M%C3%85%C5%BD%C3%95%C3%91&dchild=1&keywords=data+science&qid=1619021241&sr=8-177,"High-Dimensional Probability: An Introduction with Applications in Data Science (Cambridge Series in Statistical and Probabilistic Mathematics, Series Number 47)",4.7,36,0.0,0.0,0.0,0.0,0.0
https://www.amazon.com/Python-Data-Science-Step-Step-ebook/dp/B08WYF4SFF/ref=sr_1_29?__mk_es_US=%C3%85M%C3%85%C5%BD%C3%95%C3%91&dchild=1&keywords=data+science&qid=1619021195&sr=8-29,Python for Data Science: The Ultimate Step-by-Step Guide to Python Programming. Discover How to Master Big Data Analysis and Understand Machine Learning,4.7,22,0.0,18.95,7.53,7.53,7.53
https://www.amazon.com/Fundamentals-Machine-Learning-Predictive-Analytics/dp/0262044692/ref=sr_1_150?__mk_es_US=%C3%85M%C3%85%C5%BD%C3%95%C3%91&dchild=1&keywords=data+science&qid=1619021241&sr=8-150,"Fundamentals of Machine Learning for Predictive Data Analytics, second edition: Algorithms, Worked Examples, and Case Studies",4.7,21,0.0,0.0,0.0,0.0,0.0
https://www.amazon.com/Data-Science-Machine-Learning-Mathematical/dp/1138492531/ref=sr_1_38?__mk_es_US=%C3%85M%C3%85%C5%BD%C3%95%C3%91&dchild=1&keywords=data+science&qid=1619021195&sr=8-38,Data Science and Machine Learning: Mathematical and Statistical Methods (Chapman & Hall/Crc Machine Learning & Pattern Recognition),4.7,20,0.0,0.0,0.0,0.0,0.0
https://www.amazon.com/Educational-Leaders-Guide-Improvement-Science/dp/1975500954/ref=sr_1_245?__mk_es_US=%C3%85M%C3%85%C5%BD%C3%95%C3%91&dchild=1&keywords=data+science&qid=1619021272&sr=8-245,"The Educational Leader's Guide to Improvement Science: Data, Design and Cases for Reflection (Improvement Science in Education and Beyond)",4.7,16,0.0,34.48,0.0,42.95,0.0
https://www.amazon.com/Humanizing-Big-Data-Marketing-Consumer/dp/0749472111/ref=sr_1_205?__mk_es_US=%C3%85M%C3%85%C5%BD%C3%95%C3%91&dchild=1&keywords=data+science&qid=1619021257&sr=8-205,"Humanizing Big Data: Marketing at the Meeting of Data, Social Science and Consumer Insight",4.7,10,0.0,36.5,0.0,38.62,0.0
https://www.amazon.com/Machine-Learning-Data-Science-Introduction/dp/1634620968/ref=sr_1_124?__mk_es_US=%C3%85M%C3%85%C5%BD%C3%95%C3%91&dchild=1&keywords=data+science&qid=1619021226&sr=8-124,Machine Learning and Data Science: An Introduction to Statistical Learning Methods with R,4.7,6,0.0,42.78,0.0,37.09,0.0
https://www.amazon.com/Hundred-Page-Machine-Learning-Book/dp/199957950X/ref=sr_1_139?__mk_es_US=%C3%85M%C3%85%C5%BD%C3%95%C3%91&dchild=1&keywords=data+science&qid=1619021226&sr=8-139,The Hundred-Page Machine Learning Book,4.6,652,0.0,0.0,0.0,0.0,0.0
https://www.amazon.com/Calling-Bullshit-Skepticism-Data-Driven-World/dp/0525509208/ref=sr_1_187?__mk_es_US=%C3%85M%C3%85%C5%BD%C3%95%C3%91&dchild=1&keywords=data+science&qid=1619021241&sr=8-187,Calling Bullshit: The Art of Skepticism in a Data-Driven World,4.6,542,0.0,12.47,0.0,0.0,0.0
https://www.amazon.com/Grokking-Algorithms-illustrated-programmers-curious/dp/1617292230/ref=sr_1_125?__mk_es_US=%C3%85M%C3%85%C5%BD%C3%95%C3%91&dchild=1&keywords=data+science&qid=1619021226&sr=8-125,Grokking Algorithms: An Illustrated Guide for Programmers and Other Curious People,4.6,510,0.0,0.0,0.0,0.0,0.0
https://www.amazon.com/Introduction-Computation-Programming-Using-Python/dp/0262529629/ref=sr_1_148?__mk_es_US=%C3%85M%C3%85%C5%BD%C3%95%C3%91&dchild=1&keywords=data+science&qid=1619021241&sr=8-148,Introduction to Computation and Programming Using Python (With Application to Understanding Data),4.6,402,0.0,0.0,0.0,0.0,0.0
https://www.amazon.com/Python-Data-Science-Handbook-Essential/dp/1491912057/ref=sr_1_3?__mk_es_US=%C3%85M%C3%85%C5%BD%C3%95%C3%91&dchild=1&keywords=data+science&qid=1619021195&sr=8-3,Python Data Science Handbook: Essential Tools for Working with Data,4.6,395,0.0,0.0,0.0,0.0,0.0
https://www.amazon.com/Numsense-Data-Science-Layman-Added-ebook/dp/B01N29ZEM6/ref=sr_1_110?__mk_es_US=%C3%85M%C3%85%C5%BD%C3%95%C3%91&dchild=1&keywords=data+science&qid=1619021226&sr=8-110,Numsense! Data Science for the Layman: No Math Added,4.6,236,0.0,28.99,4.39,4.39,4.39
https://www.amazon.com/Numsense-Data-Science-Layman-Added-ebook/dp/B01N29ZEM6/ref=sr_1_69?__mk_es_US=%C3%85M%C3%85%C5%BD%C3%95%C3%91&dchild=1&keywords=data+science&qid=1619021211&sr=8-69,Numsense! Data Science for the Layman: No Math Added,4.6,236,0.0,28.99,4.39,4.39,4.39
https://www.amazon.com/Business-Intelligence-Analytics-Data-Science/dp/0134633288/ref=sr_1_39?__mk_es_US=%C3%85M%C3%85%C5%BD%C3%95%C3%91&dchild=1&keywords=data+science&qid=1619021195&sr=8-39,"Business Intelligence, Analytics, and Data Science: A Managerial Perspective",4.6,163,0.0,0.0,0.0,0.0,0.0
https://www.amazon.com/Practical-Statistics-Data-Scientists-Essential/dp/149207294X/ref=sr_1_28?__mk_es_US=%C3%85M%C3%85%C5%BD%C3%95%C3%91&dchild=1&keywords=data+science&qid=1619021195&sr=8-28,Practical Statistics for Data Scientists: 50+ Essential Concepts Using R and Python,4.6,162,0.0,0.0,0.0,0.0,0.0
https://www.amazon.com/Machine-Learning-techniques-predictive-modeling/dp/1788295862/ref=sr_1_217?__mk_es_US=%C3%85M%C3%85%C5%BD%C3%95%C3%91&dchild=1&keywords=data+science&qid=1619021257&sr=8-217,"Machine Learning with R: Expert techniques for predictive modeling, 3rd Edition",4.6,161,0.0,0.0,0.0,0.0,0.0
https://www.amazon.com/Python-Workshop-Interactive-Approach-Learning/dp/1839218851/ref=sr_1_71?__mk_es_US=%C3%85M%C3%85%C5%BD%C3%95%C3%91&dchild=1&keywords=data+science&qid=1619021211&sr=8-71,The Python Workshop: Learn to code in Python and kickstart your career in software development or data science,4.6,146,0.0,26.49,0.0,0.0,0.0
https://www.amazon.com/Fundamentals-Data-Visualization-Informative-Compelling/dp/1492031089/ref=sr_1_133?__mk_es_US=%C3%85M%C3%85%C5%BD%C3%95%C3%91&dchild=1&keywords=data+science&qid=1619021226&sr=8-133,Fundamentals of Data Visualization: A Primer on Making Informative and Compelling Figures,4.6,115,0.0,0.0,0.0,0.0,0.0
https://www.amazon.com/Building-Analytics-Teams-intelligence-improvement/dp/1800201184/ref=sr_1_181?__mk_es_US=%C3%85M%C3%85%C5%BD%C3%95%C3%91&dchild=1&keywords=data+science&qid=1619021241&sr=8-181,Building Analytics Teams: Harnessing analytics and artificial intelligence for business improvement,4.6,77,0.0,19.28,0.0,39.99,0.0
https://www.amazon.com/Be-Outlier-Data-Science-Interviews-ebook/dp/B08F9M83LJ/ref=sr_1_73?__mk_es_US=%C3%85M%C3%85%C5%BD%C3%95%C3%91&dchild=1&keywords=data+science&qid=1619021211&sr=8-73,Be the Outlier: How to Ace Data Science Interviews,4.6,32,0.0,15.99,5.96,5.96,5.96
https://www.amazon.com/Art-Data-Science-Roger-Peng/dp/1365061469/ref=sr_1_160?__mk_es_US=%C3%85M%C3%85%C5%BD%C3%95%C3%91&dchild=1&keywords=data+science&qid=1619021241&sr=8-160,The Art of Data Science,4.6,26,0.0,0.0,0.0,23.01,0.0
https://www.amazon.com/Introduction-Data-Science-Prediction-Algorithms/dp/0367357984/ref=sr_1_68?__mk_es_US=%C3%85M%C3%85%C5%BD%C3%95%C3%91&dchild=1&keywords=data+science&qid=1619021211&sr=8-68,Introduction to Data Science: Data Analysis and Prediction Algorithms with R (Chapman & Hall/CRC Data Science Series),4.6,20,0.0,0.0,0.0,0.0,0.0
https://www.amazon.com/Practical-Data-Science-Nina-Zumel/dp/1617295876/ref=sr_1_67?__mk_es_US=%C3%85M%C3%85%C5%BD%C3%95%C3%91&dchild=1&keywords=data+science&qid=1619021211&sr=8-67,Practical Data Science with R,4.6,20,0.0,0.0,0.0,0.0,0.0
https://www.amazon.com/Python-Data-Analysis-Beginners-Discovering-ebook/dp/B08X2TQHNN/ref=sr_1_280?__mk_es_US=%C3%85M%C3%85%C5%BD%C3%95%C3%91&dchild=1&keywords=data+science&qid=1619021272&sr=8-280,"Python for Data Analysis: The Top Guide for Beginners to Discovering Data Science from Scratch, Data Analysis, Analytics & Machine Learning using Python with Business Cases - 4 Books in 1",4.6,13,0.0,16.99,4.9,4.9,4.9
https://www.amazon.com/Information-Visualization-Perception-Interactive-Technologies/dp/0128128755/ref=sr_1_269?__mk_es_US=%C3%85M%C3%85%C5%BD%C3%95%C3%91&dchild=1&keywords=data+science&qid=1619021272&sr=8-269,Information Visualization: Perception for Design (Interactive Technologies),4.6,13,0.0,0.0,0.0,0.0,0.0
https://www.amazon.com/Analytical-Skills-Data-Science-Enterprise/dp/1492060941/ref=sr_1_119?__mk_es_US=%C3%85M%C3%85%C5%BD%C3%95%C3%91&dchild=1&keywords=data+science&qid=1619021226&sr=8-119,Analytical Skills for AI and Data Science: Building Skills for an AI-Driven Enterprise,4.6,10,0.0,0.0,0.0,0.0,0.0
https://www.amazon.com/Hands-Science-Python-Machine-Learning-ebook/dp/B072QBVXGH/ref=sr_1_175?__mk_es_US=%C3%85M%C3%85%C5%BD%C3%95%C3%91&dchild=1&keywords=data+science&qid=1619021241&sr=8-175,Hands-On Data Science and Python Machine Learning,4.6,9,0.0,0.0,0.0,0.0,0.0
https://www.amazon.com/Predictive-Analytics-Data-Mining-Concepts/dp/012814761X/ref=sr_1_196?__mk_es_US=%C3%85M%C3%85%C5%BD%C3%95%C3%91&dchild=1&keywords=data+science&qid=1619021257&sr=8-196,Data Science: Concepts and Practice,4.6,7,0.0,0.0,0.0,0.0,0.0
https://www.amazon.com/Azure-Data-Factory-Cookbook-integration-ebook/dp/B08LDXK38W/ref=sr_1_104?__mk_es_US=%C3%85M%C3%85%C5%BD%C3%95%C3%91&dchild=1&keywords=data+science&qid=1619021226&sr=8-104,Azure Data Factory Cookbook: Build and manage ETL and ELT pipelines with Microsoft Azure's serverless data integration service,4.6,7,0.0,44.99,21.38,21.38,21.38
https://www.amazon.com/Longitudinal-Analysis-Behavioral-Sciences-Using/dp/1412982685/ref=sr_1_275?__mk_es_US=%C3%85M%C3%85%C5%BD%C3%95%C3%91&dchild=1&keywords=data+science&qid=1619021272&sr=8-275,Longitudinal Data Analysis for the Behavioral Sciences Using R,4.6,6,0.0,0.0,0.0,0.0,0.0
https://www.amazon.com/End-End-Data-Science-Hands-ebook/dp/B08BW6NTGM/ref=sr_1_91?__mk_es_US=%C3%85M%C3%85%C5%BD%C3%95%C3%91&dchild=1&keywords=data+science&qid=1619021211&sr=8-91,End-to-End Data Science with SAS: A Hands-On Programming Guide,4.6,5,0.0,39.95,19.69,19.69,19.69
https://www.amazon.com/Knowledge-Processing-Lecture-Computer-Science-ebook/dp/B08D6WCR1D/ref=sr_1_258?__mk_es_US=%C3%85M%C3%85%C5%BD%C3%95%C3%91&dchild=1&keywords=data+science&qid=1619021272&sr=8-258,Knowledge Graphs and Big Data Processing (Lecture Notes in Computer Science Book 12072),4.6,5,0.0,0.0,0.0,0.0,0.0
https://www.amazon.com/Theory-Based-Data-Analysis-Social-Sciences/dp/1412994357/ref=sr_1_243?__mk_es_US=%C3%85M%C3%85%C5%BD%C3%95%C3%91&dchild=1&keywords=data+science&qid=1619021272&sr=8-243,Theory-Based Data Analysis for the Social Sciences,4.6,4,0.0,0.0,0.0,0.0,0.0
https://www.amazon.com/Applied-TensorFlow-Keras-Workshop-real-world/dp/1800201214/ref=sr_1_297?__mk_es_US=%C3%85M%C3%85%C5%BD%C3%95%C3%91&dchild=1&keywords=data+science&qid=1619021286&sr=8-297,The Applied TensorFlow and Keras Workshop: Develop your practical skills by working through a real-world project and build your own Bitcoin price prediction tracker,4.6,3,0.0,13.8,0.0,34.39,0.0
https://www.amazon.com/Storytelling-Data-Visualization-Business-Professionals/dp/1119002257/ref=sr_1_31?__mk_es_US=%C3%85M%C3%85%C5%BD%C3%95%C3%91&dchild=1&keywords=data+science&qid=1619021195&sr=8-31,Storytelling with Data: A Data Visualization Guide for Business Professionals,4.6,1,0.0,0.0,0.0,0.0,0.0
https://www.amazon.com/Naked-Statistics-Stripping-Dread-Data/dp/039334777X/ref=sr_1_46?__mk_es_US=%C3%85M%C3%85%C5%BD%C3%95%C3%91&dchild=1&keywords=data+science&qid=1619021195&sr=8-46,Naked Statistics: Stripping the Dread from the Data,4.6,1,0.0,14.42,0.0,7.99,0.0
https://www.amazon.com/Art-Statistics-How-Learn-Data/dp/1541618513/ref=sr_1_45?__mk_es_US=%C3%85M%C3%85%C5%BD%C3%95%C3%91&dchild=1&keywords=data+science&qid=1619021195&sr=8-45,The Art of Statistics: How to Learn from Data,4.6,1,0.0,18.99,0.0,0.0,0.0
https://www.amazon.com/Data-Science-Scratch-Principles-Python/dp/1492041130/ref=sr_1_1?__mk_es_US=%C3%85M%C3%85%C5%BD%C3%95%C3%91&dchild=1&keywords=data+science&qid=1619021195&sr=8-1,Data Science from Scratch: First Principles with Python,4.5,365,0.0,0.0,0.0,0.0,0.0
https://www.amazon.com/Introduction-Machine-Learning-Python-Scientists/dp/1449369413/ref=sr_1_162?__mk_es_US=%C3%85M%C3%85%C5%BD%C3%95%C3%91&dchild=1&keywords=data+science&qid=1619021241&sr=8-162,Introduction to Machine Learning with Python: A Guide for Data Scientists,4.5,365,0.0,0.0,0.0,0.0,0.0
https://www.amazon.com/Python-Machine-Learning-scikit-learn-TensorFlow/dp/1789955750/ref=sr_1_256?__mk_es_US=%C3%85M%C3%85%C5%BD%C3%95%C3%91&dchild=1&keywords=data+science&qid=1619021272&sr=8-256,"Python Machine Learning: Machine Learning and Deep Learning with Python, scikit-learn, and TensorFlow 2, 3rd Edition",4.5,242,0.0,25.12,0.0,0.0,0.0
https://www.amazon.com/Data-Science-Press-Essential-Knowledge/dp/0262535432/ref=sr_1_2?__mk_es_US=%C3%85M%C3%85%C5%BD%C3%95%C3%91&dchild=1&keywords=data+science&qid=1619021195&sr=8-2,Data Science (The MIT Press Essential Knowledge series),4.5,236,0.0,0.0,0.0,0.0,0.0
https://www.amazon.com/No-bullshit-guide-linear-algebra/dp/0992001021/ref=sr_1_155?__mk_es_US=%C3%85M%C3%85%C5%BD%C3%95%C3%91&dchild=1&keywords=data+science&qid=1619021241&sr=8-155,No bullshit guide to linear algebra,4.5,117,0.0,0.0,0.0,26.0,0.0
https://www.amazon.com/Data-Science-Beginners-Programming-Learning-ebook/dp/B0842X2C28/ref=sr_1_11?__mk_es_US=%C3%85M%C3%85%C5%BD%C3%95%C3%91&dchild=1&keywords=data+science&qid=1619021195&sr=8-11,Data Science for Beginners: The Essential Crash Course to Learn Python Programming and Master Data Science from Scratch with Real-World Applications to ... Analysis and Machine Learning. 6 Books in 1,4.5,110,0.0,23.95,7.51,7.51,7.51
https://www.amazon.com/Numerical-Python-Scientific-Applications-Matplotlib/dp/1484242459/ref=sr_1_88?__mk_es_US=%C3%85M%C3%85%C5%BD%C3%95%C3%91&dchild=1&keywords=data+science&qid=1619021211&sr=8-88,"Numerical Python: Scientific Computing and Data Science Applications with Numpy, SciPy and Matplotlib",4.5,62,0.0,10.06,0.0,0.0,0.0
https://www.amazon.com/Numerical-Python-Scientific-Applications-Matplotlib/dp/1484242459/ref=sr_1_130?__mk_es_US=%C3%85M%C3%85%C5%BD%C3%95%C3%91&dchild=1&keywords=data+science&qid=1619021226&sr=8-130,"Numerical Python: Scientific Computing and Data Science Applications with Numpy, SciPy and Matplotlib",4.5,62,0.0,10.06,0.0,0.0,0.0
https://www.amazon.com/Malware-Data-Science-Detection-Attribution/dp/1593278594/ref=sr_1_100?__mk_es_US=%C3%85M%C3%85%C5%BD%C3%95%C3%91&dchild=1&keywords=data+science&qid=1619021226&sr=8-100,Malware Data Science: Attack Detection and Attribution,4.5,60,0.0,31.96,0.0,0.0,0.0
https://www.amazon.com/Introduction-Data-Science-Jeffrey-Saltz/dp/150637753X/ref=sr_1_18?__mk_es_US=%C3%85M%C3%85%C5%BD%C3%95%C3%91&dchild=1&keywords=data+science&qid=1619021195&sr=8-18,An Introduction to Data Science,4.5,50,0.0,0.0,0.0,0.0,0.0
https://www.amazon.com/Practitioners-Guide-Graph-Data/dp/1492044075/ref=sr_1_285?__mk_es_US=%C3%85M%C3%85%C5%BD%C3%95%C3%91&dchild=1&keywords=data+science&qid=1619021272&sr=8-285,The Practitioner's Guide to Graph Data: Applying Graph Thinking and Graph Technologies to Solve Complex Problems,4.5,42,0.0,0.0,0.0,0.0,0.0
https://www.amazon.com/ITIL-Lifecycle-Suite-2011-Set/dp/0113313233/ref=sr_1_61?__mk_es_US=%C3%85M%C3%85%C5%BD%C3%95%C3%91&dchild=1&keywords=data+science&qid=1619021211&sr=8-61,"ITIL Lifecycle Suite, 2011 Edition (5 Volume Set)",4.5,35,0.0,0.0,0.0,367.54,0.0
https://www.amazon.com/Regression-Analysis-Intuitive-Interpreting-Linear/dp/1735431184/ref=sr_1_252?__mk_es_US=%C3%85M%C3%85%C5%BD%C3%95%C3%91&dchild=1&keywords=data+science&qid=1619021272&sr=8-252,Regression Analysis: An Intuitive Guide for Using and Interpreting Linear Models,4.5,30,0.0,15.77,0.0,24.99,0.0
https://www.amazon.com/Statistical-Inference-via-Data-Science/dp/0367409828/ref=sr_1_171?__mk_es_US=%C3%85M%C3%85%C5%BD%C3%95%C3%91&dchild=1&keywords=data+science&qid=1619021241&sr=8-171,Statistical Inference via Data Science: A ModernDive into R and the Tidyverse (Chapman & Hall/CRC The R Series),4.5,20,0.0,0.0,0.0,0.0,0.0
https://www.amazon.com/Analytics-Data-Science-Artificial-Intelligence/dp/0135192013/ref=sr_1_154?__mk_es_US=%C3%85M%C3%85%C5%BD%C3%95%C3%91&dchild=1&keywords=data+science&qid=1619021241&sr=8-154,"Analytics, Data Science, & Artificial Intelligence: Systems for Decision Support",4.5,20,0.0,0.0,0.0,0.0,0.0
https://www.amazon.com/Dyadic-Analysis-Methodology-Social-Sciences/dp/1572309865/ref=sr_1_182?__mk_es_US=%C3%85M%C3%85%C5%BD%C3%95%C3%91&dchild=1&keywords=data+science&qid=1619021241&sr=8-182,Dyadic Data Analysis (Methodology in the Social Sciences),4.5,19,0.0,0.0,0.0,0.0,0.0
https://www.amazon.com/PYTHON-Programming-Intelligence-Step-Step/dp/B08W3KS5DW/ref=sr_1_294?__mk_es_US=%C3%85M%C3%85%C5%BD%C3%95%C3%91&dchild=1&keywords=data+science&qid=1619021286&sr=8-294,"PYTHON: Programming & Data Science - The Fastest Way to Become Proficient in Data Analysis, Artificial Intelligence, and Machine Learning, with Step-by-Step Exercises for Beginners (2 Books in 1)",4.5,19,0.0,7.51,0.0,49.9,0.0
https://www.amazon.com/Data-Science-Wind-Energy-Ding/dp/0367729091/ref=sr_1_86?__mk_es_US=%C3%85M%C3%85%C5%BD%C3%95%C3%91&dchild=1&keywords=data+science&qid=1619021211&sr=8-86,Data Science for Wind Energy,4.5,12,0.0,0.0,0.0,0.0,0.0
https://www.amazon.com/Python-Data-Science-Programming-Remaining/dp/B08RLDG6KY/ref=sr_1_191?__mk_es_US=%C3%85M%C3%85%C5%BD%C3%95%C3%91&dchild=1&keywords=data+science&qid=1619021241&sr=8-191,Python for Data Science: A Guide to Learn in Depth How to Use This Programming Language to Reorder Data While Remaining Focused on Your Specific Purposes.,4.5,11,0.0,5.99,0.0,15.49,0.0
https://www.amazon.com/Its-All-Analytics-Foundations-Professionals/dp/0367359685/ref=sr_1_304?__mk_es_US=%C3%85M%C3%85%C5%BD%C3%95%C3%91&dchild=1&keywords=data+science&qid=1619021286&sr=8-304,"It's All Analytics!: The Foundations of Al, Big Data and Data Science Landscape for Professionals in Healthcare, Business, and Government",4.5,11,0.0,0.0,0.0,0.0,0.0
https://www.amazon.com/Essential-Statistics-Non-STEM-Data-Analysts/dp/1838984844/ref=sr_1_170?__mk_es_US=%C3%85M%C3%85%C5%BD%C3%95%C3%91&dchild=1&keywords=data+science&qid=1619021241&sr=8-170,Essential Statistics for Non-STEM Data Analysts: Get to grips with the statistics and math knowledge needed to enter the world of data science with Python,4.5,10,0.0,25.03,0.0,39.99,0.0
https://www.amazon.com/Data-Science-Warehousing-Visualization-Regression/dp/B07KWDVPVB/ref=sr_1_123?__mk_es_US=%C3%85M%C3%85%C5%BD%C3%95%C3%91&dchild=1&keywords=data+science&qid=1619021226&sr=8-123,"Data Science: The Ultimate Guide to Data Analytics, Data Mining, Data Warehousing, Data Visualization, Regression Analysis, Database Querying, Big Data for Business and Machine Learning for Beginners",4.5,8,0.0,4.95,0.0,0.0,0.0
https://www.amazon.com/Applied-Data-Science-Transforming-Actionable/dp/0135258529/ref=sr_1_135?__mk_es_US=%C3%85M%C3%85%C5%BD%C3%95%C3%91&dchild=1&keywords=data+science&qid=1619021226&sr=8-135,Product Analytics: Applied Data Science Techniques for Actionable Consumer Insights (Addison-Wesley Data & Analytics Series),4.5,5,0.0,0.0,0.0,0.0,0.0
https://www.amazon.com/Machine-Learning-Developing-Artificial-Intelligence-ebook/dp/B091C7VRTP/ref=sr_1_60?__mk_es_US=%C3%85M%C3%85%C5%BD%C3%95%C3%91&dchild=1&keywords=data+science&qid=1619021211&sr=8-60,Machine Learning: The complete Math Guide to Master Data Science with Python and Developing Artificial Intelligence,4.5,4,0.0,40.99,7.53,7.53,7.53
https://www.amazon.com/Introduction-Computational-Social-Science-Applications/dp/3319501305/ref=sr_1_224?__mk_es_US=%C3%85M%C3%85%C5%BD%C3%95%C3%91&dchild=1&keywords=data+science&qid=1619021257&sr=8-224,Introduction to Computational Social Science: Principles and Applications (Texts in Computer Science),4.5,2,0.0,0.0,0.0,0.0,0.0
https://www.amazon.com/Detecting-Regime-Change-Computational-Finance/dp/0367536285/ref=sr_1_261?__mk_es_US=%C3%85M%C3%85%C5%BD%C3%95%C3%91&dchild=1&keywords=data+science&qid=1619021272&sr=8-261,"Detecting Regime Change in Computational Finance: Data Science, Machine Learning and Algorithmic Trading",4.5,2,0.0,0.0,0.0,0.0,0.0
https://www.amazon.com/Python-Data-Analysis-Wrangling-IPython/dp/1491957662/ref=sr_1_30?__mk_es_US=%C3%85M%C3%85%C5%BD%C3%95%C3%91&dchild=1&keywords=data+science&qid=1619021195&sr=8-30,"Python for Data Analysis: Data Wrangling with Pandas, NumPy, and IPython",4.5,1,0.0,0.0,0.0,0.0,0.0
https://www.amazon.com/Preparing-Data-Training-Success/dp/B0754TBVHT/ref=sr_1_132?__mk_es_US=%C3%85M%C3%85%C5%BD%C3%95%C3%91&dchild=1&keywords=data+science&qid=1619021226&sr=8-132,nan,4.5,0,0.0,0.0,0.0,0.0,0.0
https://www.amazon.com/SQL-QuickStart-Guide-Simplified-Manipulating/dp/1945051752/ref=sr_1_149?__mk_es_US=%C3%85M%C3%85%C5%BD%C3%95%C3%91&dchild=1&keywords=data+science&qid=1619021241&sr=8-149,"SQL QuickStart Guide: The Simplified Beginner's Guide to Managing, Analyzing, and Manipulating Data With SQL",4.4,838,0.0,7.51,0.0,21.03,0.0
https://www.amazon.com/Machine-Learning-Absolute-Beginners-Introduction-ebook/dp/B07335JNW1/ref=sr_1_103?__mk_es_US=%C3%85M%C3%85%C5%BD%C3%95%C3%91&dchild=1&keywords=data+science&qid=1619021226&sr=8-103,Machine Learning For Absolute Beginners: A Plain English Introduction (Second Edition) (Machine Learning From Scratch Book 1),4.4,718,0.0,22.86,0.0,0.0,0.0
https://www.amazon.com/Data-Science-Business-Data-Analytic-Thinking/dp/1449361323/ref=sr_1_4?__mk_es_US=%C3%85M%C3%85%C5%BD%C3%95%C3%91&dchild=1&keywords=data+science&qid=1619021195&sr=8-4,Data Science for Business: What You Need to Know about Data Mining and Data-Analytic Thinking,4.4,694,0.0,0.0,0.0,0.0,0.0
https://www.amazon.com/Practical-Statistics-Data-Scientists-Essential/dp/1491952962/ref=sr_1_107?__mk_es_US=%C3%85M%C3%85%C5%BD%C3%95%C3%91&dchild=1&keywords=data+science&qid=1619021226&sr=8-107,Practical Statistics for Data Scientists: 50 Essential Concepts,4.4,356,0.0,0.0,0.0,0.0,0.0
https://www.amazon.com/Data-Smart-Science-Transform-Information/dp/111866146X/ref=sr_1_58?__mk_es_US=%C3%85M%C3%85%C5%BD%C3%95%C3%91&dchild=1&keywords=data+science&qid=1619021211&sr=8-58,Data Smart: Using Data Science to Transform Information into Insight,4.4,303,0.0,0.0,0.0,0.0,0.0
https://www.amazon.com/Data-Science-Dummies-2nd-Computers/dp/1119327636/ref=sr_1_7?__mk_es_US=%C3%85M%C3%85%C5%BD%C3%95%C3%91&dchild=1&keywords=data+science&qid=1619021195&sr=8-7,Data Science For Dummies (For Dummies (Computers)),4.4,141,0.0,0.0,0.0,0.0,0.0
https://www.amazon.com/Programmers-Guide-Computer-Science-self-taught/dp/195120400X/ref=sr_1_306?__mk_es_US=%C3%85M%C3%85%C5%BD%C3%95%C3%91&dchild=1&keywords=data+science&qid=1619021286&sr=8-306,A Programmer's Guide to Computer Science: A virtual degree for the self-taught developer,4.4,138,0.0,7.57,0.0,0.0,0.0
https://www.amazon.com/Data-Science-Big-Analytics-Discovering/dp/111887613X/ref=sr_1_14?__mk_es_US=%C3%85M%C3%85%C5%BD%C3%95%C3%91&dchild=1&keywords=data+science&qid=1619021195&sr=8-14,"Data Science and Big Data Analytics: Discovering, Analyzing, Visualizing and Presenting Data",4.4,137,0.0,0.0,0.0,0.0,0.0
https://www.amazon.com/SQL-Data-Analytics-efficient-analysis/dp/1789807352/ref=sr_1_87?__mk_es_US=%C3%85M%C3%85%C5%BD%C3%95%C3%91&dchild=1&keywords=data+science&qid=1619021211&sr=8-87,SQL for Data Analytics: Perform fast and efficient data analysis with the power of SQL,4.4,127,0.0,19.45,0.0,29.99,0.0
https://www.amazon.com/Data-Mining-Business-Analytics-Applications/dp/1118879368/ref=sr_1_188?__mk_es_US=%C3%85M%C3%85%C5%BD%C3%95%C3%91&dchild=1&keywords=data+science&qid=1619021241&sr=8-188,"Data Mining for Business Analytics: Concepts, Techniques, and Applications in R",4.4,95,0.0,0.0,0.0,0.0,0.0
https://www.amazon.com/Business-Data-Science-Combining-Accelerate/dp/1260452778/ref=sr_1_65?__mk_es_US=%C3%85M%C3%85%C5%BD%C3%95%C3%91&dchild=1&keywords=data+science&qid=1619021211&sr=8-65,"Business Data Science: Combining Machine Learning and Economics to Optimize, Automate, and Accelerate Business Decisions",4.4,84,0.0,31.18,0.0,0.0,0.0
https://www.amazon.com/Computer-Programming-Crash-Course-Languages/dp/B08NTY8Y4P/ref=sr_1_121?__mk_es_US=%C3%85M%C3%85%C5%BD%C3%95%C3%91&dchild=1&keywords=data+science&qid=1619021226&sr=8-121,"Computer Programming Crash Course: 7 Books in 1: Coding Languages for Beginners: C++, C#, SQL, Python, Data Science for Python, Raspberry Pi and Arduino. Teach Yourself to Code. Learn Faster.",4.4,75,0.0,7.57,0.0,0.0,0.0
https://www.amazon.com/Data-Science-Projects-Python-scikit-learn/dp/1838551026/ref=sr_1_20?__mk_es_US=%C3%85M%C3%85%C5%BD%C3%95%C3%91&dchild=1&keywords=data+science&qid=1619021195&sr=8-20,"Data Science Projects with Python: A case study approach to successful data science projects using Python, pandas, and scikit-learn",4.4,70,0.0,34.53,0.0,34.99,0.0
https://www.amazon.com/PYTHON-Programs-Programming-Analytics-Beginners-ebook/dp/B08T6FQ64Y/ref=sr_1_292?__mk_es_US=%C3%85M%C3%85%C5%BD%C3%95%C3%91&dchild=1&keywords=data+science&qid=1619021286&sr=8-292,"PYTHON: Learn Coding Programs with Python Programming and Master Data Analysis & Analytics, Data Science and Machine Learning with the Complete Crash Course for Beginners - 5 Books in 1",4.4,64,0.0,19.99,7.29,7.29,7.29
https://www.amazon.com/PYTHON-Programming-Hands-Beginners-Learning-ebook/dp/B088RLQ4H9/ref=sr_1_216?__mk_es_US=%C3%85M%C3%85%C5%BD%C3%95%C3%91&dchild=1&keywords=data+science&qid=1619021257&sr=8-216,PYTHON: 4 BOOKS IN 1: Learn How To Develop Programs And Apps In 7 Days With Python Programming And Start Deep Hands-on Learning For Beginners of Data Science And Machine Learning.,4.4,64,0.0,42.0,7.51,7.51,7.51
https://www.amazon.com/Getting-Started-Data-Science-Analytics/dp/0133991024/ref=sr_1_49?__mk_es_US=%C3%85M%C3%85%C5%BD%C3%95%C3%91&dchild=1&keywords=data+science&qid=1619021195&sr=8-49,Getting Started with Data Science: Making Sense of Data with Analytics (IBM Press),4.4,61,0.0,0.0,0.0,0.0,0.0
https://www.amazon.com/Algorithm-Design-Manual-Computer-Science/dp/3030542556/ref=sr_1_116?__mk_es_US=%C3%85M%C3%85%C5%BD%C3%95%C3%91&dchild=1&keywords=data+science&qid=1619021226&sr=8-116,The Algorithm Design Manual (Texts in Computer Science),4.4,50,0.0,0.0,0.0,0.0,0.0
https://www.amazon.com/Pandas-1-x-Cookbook-scientific-exploratory/dp/1839213108/ref=sr_1_215?__mk_es_US=%C3%85M%C3%85%C5%BD%C3%95%C3%91&dchild=1&keywords=data+science&qid=1619021257&sr=8-215,"Pandas 1.x Cookbook: Practical recipes for scientific computing, time series analysis, and exploratory data analysis using Python, 2nd Edition",4.4,47,0.0,18.39,0.0,39.99,0.0
https://www.amazon.com/Hands-Data-Science-Marketing-strategies-ebook/dp/B07Q71T98Z/ref=sr_1_16?__mk_es_US=%C3%85M%C3%85%C5%BD%C3%95%C3%91&dchild=1&keywords=data+science&qid=1619021195&sr=8-16,Hands-On Data Science for Marketing: Improve your marketing strategies with machine learning using Python and R,4.4,33,0.0,44.99,31.9,31.9,31.9
https://www.amazon.com/Learn-Amazon-SageMaker-developers-scientists/dp/180020891X/ref=sr_1_211?__mk_es_US=%C3%85M%C3%85%C5%BD%C3%95%C3%91&dchild=1&keywords=data+science&qid=1619021257&sr=8-211,"Learn Amazon SageMaker: A guide to building, training, and deploying machine learning models for developers and data scientists",4.4,27,0.0,28.44,0.0,44.99,0.0
https://www.amazon.com/Data-Science-Strategy-Dummies-Computer/dp/1119566258/ref=sr_1_208?__mk_es_US=%C3%85M%C3%85%C5%BD%C3%95%C3%91&dchild=1&keywords=data+science&qid=1619021257&sr=8-208,Data Science Strategy For Dummies,4.4,25,0.0,0.0,0.0,0.0,0.0
https://www.amazon.com/Data-Sketches-AK-Peters-Visualization/dp/0367000083/ref=sr_1_113?__mk_es_US=%C3%85M%C3%85%C5%BD%C3%95%C3%91&dchild=1&keywords=data+science&qid=1619021226&sr=8-113,"Data Sketches: A journey of imagination, exploration, and beautiful data visualizations (AK Peters Visualization Series)",4.4,18,0.0,0.0,0.0,0.0,0.0
https://www.amazon.com/Science-Python-Methods-Applications-Mining/dp/1119526817/ref=sr_1_50?__mk_es_US=%C3%85M%C3%85%C5%BD%C3%95%C3%91&dchild=1&keywords=data+science&qid=1619021211&sr=8-50,Data Science Using Python and R (Wiley Series on Methods and Applications in Data Mining),4.4,18,0.0,0.0,0.0,0.0,0.0
https://www.amazon.com/Machine-Learning-Science-Blueprints-Finance/dp/1492073059/ref=sr_1_10?__mk_es_US=%C3%85M%C3%85%C5%BD%C3%95%C3%91&dchild=1&keywords=data+science&qid=1619021195&sr=8-10,Machine Learning and Data Science Blueprints for Finance: From Building Trading Strategies to Robo-Advisors Using Python,4.4,15,0.0,0.0,0.0,0.0,0.0
https://www.amazon.com/Data-Science-Approach-Computational-Reasoning/dp/1482234815/ref=sr_1_48?__mk_es_US=%C3%85M%C3%85%C5%BD%C3%95%C3%91&dchild=1&keywords=data+science&qid=1619021195&sr=8-48,Data Science in R: A Case Studies Approach to Computational Reasoning and Problem Solving (Chapman & Hall/CRC The R Series),4.4,14,0.0,0.0,0.0,0.0,0.0
https://www.amazon.com/Data-Science-Scale-Python-Dask/dp/1617295604/ref=sr_1_95?__mk_es_US=%C3%85M%C3%85%C5%BD%C3%95%C3%91&dchild=1&keywords=data+science&qid=1619021211&sr=8-95,Data Science with Python and Dask,4.4,12,0.0,0.0,0.0,0.0,0.0
https://www.amazon.com/Executive-Data-Science-Roger-Peng/dp/1365121976/ref=sr_1_281?__mk_es_US=%C3%85M%C3%85%C5%BD%C3%95%C3%91&dchild=1&keywords=data+science&qid=1619021272&sr=8-281,Executive Data Science,4.4,8,0.0,0.0,0.0,0.0,0.0
https://www.amazon.com/Azure-Storage-Streaming-and-Batch-Analytics/dp/1617296309/ref=sr_1_222?__mk_es_US=%C3%85M%C3%85%C5%BD%C3%95%C3%91&dchild=1&keywords=data+science&qid=1619021257&sr=8-222,"Azure Storage, Streaming, and Batch Analytics: A guide for data engineers",4.4,6,0.0,0.0,0.0,0.0,0.0
https://www.amazon.com/Hands-Data-Analysis-Visualization-Pandas-ebook/dp/B08FT7L785/ref=sr_1_183?__mk_es_US=%C3%85M%C3%85%C5%BD%C3%95%C3%91&dchild=1&keywords=data+science&qid=1619021241&sr=8-183,"Hands-on Data Analysis and Visualization with Pandas: Engineer, Analyse and Visualize Data, Using Powerful Python Libraries (English Edition)",4.4,4,0.0,32.95,8.0,8.0,8.0
https://www.amazon.com/Geographical-Data-Science-Spatial-Analysis/dp/1526449366/ref=sr_1_229?__mk_es_US=%C3%85M%C3%85%C5%BD%C3%95%C3%91&dchild=1&keywords=data+science&qid=1619021257&sr=8-229,Geographical Data Science and Spatial Data Analysis: An Introduction in R (Spatial Analytics and GIS),4.4,3,0.0,0.0,0.0,0.0,0.0
https://www.amazon.com/R-Cookbook-YuWei-Chiu-David/dp/178439081X/ref=sr_1_262?__mk_es_US=%C3%85M%C3%85%C5%BD%C3%95%C3%91&dchild=1&keywords=data+science&qid=1619021272&sr=8-262,R for Data Science Cookbook,4.4,3,0.0,31.3,0.0,34.99,0.0
https://www.amazon.com/Everybody-Lies-audiobook/dp/B06XCYD5KG/ref=sr_1_80?__mk_es_US=%C3%85M%C3%85%C5%BD%C3%95%C3%91&dchild=1&keywords=data+science&qid=1619021211&sr=8-80,"Everybody Lies: Big Data, New Data, and What the Internet Can Tell Us About Who We Really Are",4.4,1,0.0,9.46,0.0,0.0,0.0
https://www.amazon.com/Prior-Information-and-Bayesian-Inference/dp/B07FYTKV5H/ref=sr_1_238?__mk_es_US=%C3%85M%C3%85%C5%BD%C3%95%C3%91&dchild=1&keywords=data+science&qid=1619021257&sr=8-238,nan,4.4,0,0.0,0.0,0.0,0.0,0.0
https://www.amazon.com/Doing-Data-Science-Straight-Frontline/dp/1449358659/ref=sr_1_9?__mk_es_US=%C3%85M%C3%85%C5%BD%C3%95%C3%91&dchild=1&keywords=data+science&qid=1619021195&sr=8-9,Doing Data Science: Straight Talk from the Frontline,4.3,143,0.0,0.0,0.0,0.0,0.0
https://www.amazon.com/Data-Mining-Techniques-Relationship-Management-ebook/dp/B004UB2KE4/ref=sr_1_278?__mk_es_US=%C3%85M%C3%85%C5%BD%C3%95%C3%91&dchild=1&keywords=data+science&qid=1619021272&sr=8-278,"Data Mining Techniques: For Marketing, Sales, and Customer Relationship Management",4.3,80,0.0,45.0,41.73,41.73,41.73
https://www.amazon.com/Python-Data-Science-Dummies-Computer/dp/1119547628/ref=sr_1_140?__mk_es_US=%C3%85M%C3%85%C5%BD%C3%95%C3%91&dchild=1&keywords=data+science&qid=1619021226&sr=8-140,Python for Data Science For Dummies,4.3,69,0.0,0.0,0.0,0.0,0.0
https://www.amazon.com/PYTHON-DATA-SCIENCE-Ultimate-Beginners/dp/1687159106/ref=sr_1_75?__mk_es_US=%C3%85M%C3%85%C5%BD%C3%95%C3%91&dchild=1&keywords=data+science&qid=1619021211&sr=8-75,PYTHON FOR DATA SCIENCE: The Ultimate Beginnersâ€™ Guide to Learning Python Data Science Step by Step,4.3,58,0.0,3.76,0.0,0.0,0.0
https://www.amazon.com/Enterprise-Big-Data-Lake-Delivering/dp/1491931558/ref=sr_1_257?__mk_es_US=%C3%85M%C3%85%C5%BD%C3%95%C3%91&dchild=1&keywords=data+science&qid=1619021272&sr=8-257,The Enterprise Big Data Lake: Delivering the Promise of Big Data and Data Science,4.3,53,0.0,0.0,0.0,0.0,0.0
https://www.amazon.com/Introducing-Data-Science-Machine-Learning/dp/1633430030/ref=sr_1_249?__mk_es_US=%C3%85M%C3%85%C5%BD%C3%95%C3%91&dchild=1&keywords=data+science&qid=1619021272&sr=8-249,"Introducing Data Science: Big Data, Machine Learning, and more, using Python tools",4.3,46,0.0,0.0,0.0,0.0,0.0
https://www.amazon.com/Introduction-Statistics-Intuitive-Analyzing-Discoveries/dp/1735431109/ref=sr_1_184?__mk_es_US=%C3%85M%C3%85%C5%BD%C3%95%C3%91&dchild=1&keywords=data+science&qid=1619021241&sr=8-184,Introduction to Statistics: An Intuitive Guide for Analyzing Data and Unlocking Discoveries,4.3,45,0.0,8.64,0.0,19.99,0.0
https://www.amazon.com/Big-Data-MBA-Business-Strategies/dp/1119181119/ref=sr_1_302?__mk_es_US=%C3%85M%C3%85%C5%BD%C3%95%C3%91&dchild=1&keywords=data+science&qid=1619021286&sr=8-302,Big Data MBA: Driving Business Strategies with Data Science,4.3,32,0.0,0.0,0.0,0.0,0.0
https://www.amazon.com/Data-Science-Handbook-Insights-Scientists/dp/0692434879/ref=sr_1_43?__mk_es_US=%C3%85M%C3%85%C5%BD%C3%95%C3%91&dchild=1&keywords=data+science&qid=1619021195&sr=8-43,The Data Science Handbook: Advice and Insights from 25 Amazing Data Scientists,4.3,31,0.0,10.38,0.0,24.99,0.0
https://www.amazon.com/COMPUTER-PROGRAMMING-Networking-Programming-Intelligence-ebook/dp/B08Y4865HR/ref=sr_1_277?__mk_es_US=%C3%85M%C3%85%C5%BD%C3%95%C3%91&dchild=1&keywords=data+science&qid=1619021272&sr=8-277,"COMPUTER PROGRAMMING: 4 Books in 1: Data Science, Hacking with Kali Linux, Computer Networking for Beginners, Python Programming. Coding Language for Machine Learning and Artificial Intelligence",4.3,26,0.0,34.97,7.09,7.09,7.09
https://www.amazon.com/Probability-Statistics-Data-Science-Chapman/dp/1138393290/ref=sr_1_59?__mk_es_US=%C3%85M%C3%85%C5%BD%C3%95%C3%91&dchild=1&keywords=data+science&qid=1619021211&sr=8-59,Probability and Statistics for Data Science: Math + R + Data (Chapman & Hall/CRC Data Science Series),4.3,22,0.0,0.0,0.0,0.0,0.0
https://www.amazon.com/Think-Like-Scientist-step-step/dp/1633430278/ref=sr_1_305?__mk_es_US=%C3%85M%C3%85%C5%BD%C3%95%C3%91&dchild=1&keywords=data+science&qid=1619021286&sr=8-305,Think Like a Data Scientist: Tackle the data science process step-by-step,4.3,21,0.0,0.0,0.0,0.0,0.0
https://www.amazon.com/Introduction-Quantitative-Analysis-Behavioral-Sciences/dp/111929018X/ref=sr_1_235?__mk_es_US=%C3%85M%C3%85%C5%BD%C3%95%C3%91&dchild=1&keywords=data+science&qid=1619021257&sr=8-235,Introduction to Quantitative Data Analysis in the Behavioral and Social Sciences,4.3,9,0.0,0.0,0.0,0.0,0.0
https://www.amazon.com/Statistics-Beginners-Applications-Essential-Concepts-ebook/dp/B0878YNBJ6/ref=sr_1_102?__mk_es_US=%C3%85M%C3%85%C5%BD%C3%95%C3%91&dchild=1&keywords=data+science&qid=1619021226&sr=8-102,Statistics: Statistics for Beginners in Data Science: Theory and Applications of Essential Statistics Concepts using Python (Machine Learning & Data Science for Beginners),4.3,7,0.0,0.0,4.14,4.14,4.14
https://www.amazon.com/Mastering-SAS-Programming-Data-Warehousing-ebook/dp/B08KWL37S4/ref=sr_1_37?__mk_es_US=%C3%85M%C3%85%C5%BD%C3%95%C3%91&dchild=1&keywords=data+science&qid=1619021195&sr=8-37,Mastering SAS Programming for Data Warehousing: An advanced programming guide to designing and managing Data Warehouses using SAS,4.3,5,0.0,49.99,18.14,18.14,18.14
https://www.amazon.com/Going-Public/dp/B011WGEWJ0/ref=sr_1_96?__mk_es_US=%C3%85M%C3%85%C5%BD%C3%95%C3%91&dchild=1&keywords=data+science&qid=1619021211&sr=8-96,nan,4.3,0,0.0,0.0,0.0,0.0,0.0
https://www.amazon.com/Algorithms-Secret-Rules-Modern-Living/dp/B07Y5NF9QZ/ref=sr_1_70?__mk_es_US=%C3%85M%C3%85%C5%BD%C3%95%C3%91&dchild=1&keywords=data+science&qid=1619021211&sr=8-70,nan,4.3,0,0.0,0.0,0.0,0.0,0.0
https://www.amazon.com/Data-Science-Google-Cloud-Platform/dp/1491974567/ref=sr_1_129?__mk_es_US=%C3%85M%C3%85%C5%BD%C3%95%C3%91&dchild=1&keywords=data+science&qid=1619021226&sr=8-129,Data Science on the Google Cloud Platform: Implementing End-to-End Real-Time Data Pipelines: From Ingest to Machine Learning,4.2,49,0.0,0.0,0.0,0.0,0.0
https://www.amazon.com/Data-Warehousing-Dummies-Thomas-Hammergren/dp/0470407476/ref=sr_1_254?__mk_es_US=%C3%85M%C3%85%C5%BD%C3%95%C3%91&dchild=1&keywords=data+science&qid=1619021272&sr=8-254,Data Warehousing For Dummies,4.2,47,0.0,29.12,0.0,32.2,0.0
https://www.amazon.com/Data-Models-Decisions-Fundamentals-Management/dp/097591460X/ref=sr_1_146?__mk_es_US=%C3%85M%C3%85%C5%BD%C3%95%C3%91&dchild=1&keywords=data+science&qid=1619021241&sr=8-146,"Data, Models, and Decisions: The Fundamentals of Management Science",4.2,40,0.0,0.0,0.0,0.0,0.0
https://www.amazon.com/Foundations-Architecting-Data-Solutions-Successful/dp/1492038741/ref=sr_1_251?__mk_es_US=%C3%85M%C3%85%C5%BD%C3%95%C3%91&dchild=1&keywords=data+science&qid=1619021272&sr=8-251,Foundations for Architecting Data Solutions: Managing Successful Data Projects,4.2,31,0.0,0.0,0.0,0.0,0.0
https://www.amazon.com/Introduction-Computation-Programming-Using-Python/dp/0262542366/ref=sr_1_268?__mk_es_US=%C3%85M%C3%85%C5%BD%C3%95%C3%91&dchild=1&keywords=data+science&qid=1619021272&sr=8-268,"Introduction to Computation and Programming Using Python, third edition: With Application to Computational Modeling and Understanding Data",4.2,25,0.0,44.15,0.0,0.0,0.0
https://www.amazon.com/Principles-Data-Science-techniques-making-ebook/dp/B01A8T8YNC/ref=sr_1_241?__mk_es_US=%C3%85M%C3%85%C5%BD%C3%95%C3%91&dchild=1&keywords=data+science&qid=1619021272&sr=8-241,Principles of Data Science: Learn the techniques and math you need to start making sense of your data: Mathematical techniques and theory to succeed in data-driven industries,4.2,20,0.0,0.0,0.0,0.0,0.0
https://www.amazon.com/Python-Programming-This-Beginners-Science-ebook/dp/B08N5CTWHR/ref=sr_1_118?__mk_es_US=%C3%85M%C3%85%C5%BD%C3%95%C3%91&dchild=1&keywords=data+science&qid=1619021226&sr=8-118,Python Programming: This Book Includes: Python for Beginners - Python for Data Science,4.2,19,0.0,36.17,7.51,7.51,7.51
https://www.amazon.com/Python-Data-Analysis-Definitive-Intelligence-ebook/dp/B08SXWR751/ref=sr_1_161?__mk_es_US=%C3%85M%C3%85%C5%BD%C3%95%C3%91&dchild=1&keywords=data+science&qid=1619021241&sr=8-161,"Python For Data Analysis: The Ultimate and Definitive Manual to Learn Data Science and Coding With Python. Master The basics of Machine Learning, to Clean Code and Improve Artificial Intelligence",4.2,16,0.0,26.13,7.57,7.57,7.57
https://www.amazon.com/Basketball-Data-Science-Applications-Chapman/dp/1138600792/ref=sr_1_21?__mk_es_US=%C3%85M%C3%85%C5%BD%C3%95%C3%91&dchild=1&keywords=data+science&qid=1619021195&sr=8-21,Basketball Data Science: With Applications in R (Chapman & Hall/CRC Data Science Series),4.2,9,0.0,0.0,0.0,0.0,0.0
https://www.amazon.com/Pattern-Recognition-Learning-Information-Statistics/dp/1493938436/ref=sr_1_109?__mk_es_US=%C3%85M%C3%85%C5%BD%C3%95%C3%91&dchild=1&keywords=data+science&qid=1619021226&sr=8-109,Pattern Recognition and Machine Learning (Information Science and Statistics),4.1,66,0.0,0.0,0.0,0.0,0.0
https://www.amazon.com/Business-Intelligence-Analytics-Data-Science/dp/9353067022/ref=sr_1_288?__mk_es_US=%C3%85M%C3%85%C5%BD%C3%95%C3%91&dchild=1&keywords=data+science&qid=1619021272&sr=8-288,"Business Intelligence, Analytics, And Data Science: A Managerial Perspective, 4/E",4.1,60,0.0,49.99,0.0,34.22,0.0
https://www.amazon.com/Data-Science-Executives-Leveraging-Intelligence/dp/B07PZZL3Z8/ref=sr_1_244?__mk_es_US=%C3%85M%C3%85%C5%BD%C3%95%C3%91&dchild=1&keywords=data+science&qid=1619021272&sr=8-244,Data Science for Executives: Leveraging Machine Intelligence to Drive Business ROI,4.1,38,0.0,7.29,0.0,0.0,0.0
https://www.amazon.com/Data-Science-Command-Line-Time-Tested/dp/1491947853/ref=sr_1_272?__mk_es_US=%C3%85M%C3%85%C5%BD%C3%95%C3%91&dchild=1&keywords=data+science&qid=1619021272&sr=8-272,Data Science at the Command Line: Facing the Future with Time-Tested Tools,4.1,31,0.0,0.0,0.0,0.0,0.0
https://www.amazon.com/Data-Engineering-Python-datasets-pipelines/dp/183921418X/ref=sr_1_267?__mk_es_US=%C3%85M%C3%85%C5%BD%C3%95%C3%91&dchild=1&keywords=data+science&qid=1619021272&sr=8-267,Data Engineering with Python: Work with massive datasets to design data models and automate data pipelines using Python,4.1,30,0.0,23.09,0.0,39.99,0.0
https://www.amazon.com/Agile-Data-Science-2-0-Applications/dp/1491960116/ref=sr_1_250?__mk_es_US=%C3%85M%C3%85%C5%BD%C3%95%C3%91&dchild=1&keywords=data+science&qid=1619021272&sr=8-250,Agile Data Science 2.0: Building Full-Stack Data Analytics Applications with Spark,4.1,28,0.0,0.0,0.0,0.0,0.0
https://www.amazon.com/Data-Science-Job-become-Scientist-ebook/dp/B0849LK972/ref=sr_1_136?__mk_es_US=%C3%85M%C3%85%C5%BD%C3%95%C3%91&dchild=1&keywords=data+science&qid=1619021226&sr=8-136,Data Science Job: How to become a Data Scientist,4.1,20,0.0,0.0,6.56,6.56,6.56
https://www.amazon.com/Representation-Learning-Natural-Language-Processing-ebook/dp/B08CT6WSV2/ref=sr_1_199?__mk_es_US=%C3%85M%C3%85%C5%BD%C3%95%C3%91&dchild=1&keywords=data+science&qid=1619021257&sr=8-199,Representation Learning for Natural Language Processing,4.1,17,0.0,0.0,0.0,0.0,0.0
https://www.amazon.com/Real-Work-Data-Science-organizations-ebook/dp/B07Q9GKL6C/ref=sr_1_233?__mk_es_US=%C3%85M%C3%85%C5%BD%C3%95%C3%91&dchild=1&keywords=data+science&qid=1619021257&sr=8-233,"The Real Work of Data Science: Turning data into information, better decisions, and stronger organizations",4.1,7,0.0,0.0,0.0,0.0,0.0
https://www.amazon.com/Python-Data-Science-Utimate-Beginners/dp/B087CB1Z2L/ref=sr_1_93?__mk_es_US=%C3%85M%C3%85%C5%BD%C3%95%C3%91&dchild=1&keywords=data+science&qid=1619021211&sr=8-93,Python Data Science: The Utimate Crash Course for Beginners. Learn Python in a Week and Master It.,4.1,6,0.0,4.49,0.0,0.0,0.0
https://www.amazon.com/Python-Data-Science-Utimate-Beginners/dp/B087CB1Z2L/ref=sr_1_141?__mk_es_US=%C3%85M%C3%85%C5%BD%C3%95%C3%91&dchild=1&keywords=data+science&qid=1619021226&sr=8-141,Python Data Science: The Utimate Crash Course for Beginners. Learn Python in a Week and Master It.,4.1,6,0.0,4.49,0.0,0.0,0.0
https://www.amazon.com/Next-Space-Matt-Taylor/dp/B0895F9KKD/ref=sr_1_299?__mk_es_US=%C3%85M%C3%85%C5%BD%C3%95%C3%91&dchild=1&keywords=data+science&qid=1619021286&sr=8-299,nan,4.1,0,0.0,0.0,0.0,0.0,0.0
https://www.amazon.com/PRACTITIONERS-GUIDE-BUSINESS-ANALYTICS-Organizations/dp/0071807594/ref=sr_1_230?__mk_es_US=%C3%85M%C3%85%C5%BD%C3%95%C3%91&dchild=1&keywords=data+science&qid=1619021257&sr=8-230,A PRACTITIONER'S GUIDE TO BUSINESS ANALYTICS: Using Data Analysis Tools to Improve Your Organizationâ€™s Decision Making and Strategy,4.0,67,0.0,50.32,0.0,62.42,0.0
https://www.amazon.com/Data-Science-Handbook-Field-Cady/dp/1119092949/ref=sr_1_246?__mk_es_US=%C3%85M%C3%85%C5%BD%C3%95%C3%91&dchild=1&keywords=data+science&qid=1619021272&sr=8-246,The Data Science Handbook,4.0,49,0.0,0.0,0.0,0.0,0.0
https://www.amazon.com/Marketing-Data-Science-Techniques-Predictive/dp/9353065747/ref=sr_1_303?__mk_es_US=%C3%85M%C3%85%C5%BD%C3%95%C3%91&dchild=1&keywords=data+science&qid=1619021286&sr=8-303,Marketing Data Science: Modeling Techniques In Predictive Analytics With R And Python,4.0,47,0.0,0.0,0.0,0.0,0.0
https://www.amazon.com/Parallel-Computing-Data-Science-Examples-ebook/dp/B00YRJ6TLO/ref=sr_1_265?__mk_es_US=%C3%85M%C3%85%C5%BD%C3%95%C3%91&dchild=1&keywords=data+science&qid=1619021272&sr=8-265,"Parallel Computing for Data Science: With Examples in R, C++ and CUDA (Chapman & Hall/CRC The R Series Book 28)",4.0,6,0.0,0.0,0.0,0.0,0.0
https://www.amazon.com/Data-Science-Solutions-Azure-Techniques/dp/1484264045/ref=sr_1_174?__mk_es_US=%C3%85M%C3%85%C5%BD%C3%95%C3%91&dchild=1&keywords=data+science&qid=1619021241&sr=8-174,Data Science Solutions on Azure: Tools and Techniques Using Databricks and MLOps,4.0,2,0.0,34.11,0.0,30.44,0.0
https://www.amazon.com/Data-Science-Chemistry-Gruyter-Textbook/dp/3110629399/ref=sr_1_190?__mk_es_US=%C3%85M%C3%85%C5%BD%C3%95%C3%91&dchild=1&keywords=data+science&qid=1619021241&sr=8-190,Data Science in Chemistry (de Gruyter Textbook),4.0,1,0.0,51.31,0.0,76.18,0.0
https://www.amazon.com/SQL-Data-Science-Data-Centric-Applications/dp/3030575918/ref=sr_1_99?__mk_es_US=%C3%85M%C3%85%C5%BD%C3%95%C3%91&dchild=1&keywords=data+science&qid=1619021226&sr=8-99,"SQL for Data Science: Data Cleaning, Wrangling and Analytics with Relational Databases (Data-Centric Systems and Applications)",4.0,1,0.0,0.0,0.0,0.0,0.0
https://www.amazon.com/Dataland-Blaise-Piguet/dp/B082YM46QP/ref=sr_1_36?__mk_es_US=%C3%85M%C3%85%C5%BD%C3%95%C3%91&dchild=1&keywords=data+science&qid=1619021195&sr=8-36,nan,4.0,0,0.0,0.0,0.0,0.0,0.0
https://www.amazon.com/Almost-Human-Stephen-Fry/dp/B08526M724/ref=sr_1_85?__mk_es_US=%C3%85M%C3%85%C5%BD%C3%95%C3%91&dchild=1&keywords=data+science&qid=1619021211&sr=8-85,nan,4.0,0,0.0,0.0,0.0,0.0,0.0
https://www.amazon.com/Value-Your-Personal-Data/dp/B01MT68IKS/ref=sr_1_178?__mk_es_US=%C3%85M%C3%85%C5%BD%C3%95%C3%91&dchild=1&keywords=data+science&qid=1619021241&sr=8-178,nan,4.0,0,0.0,0.0,0.0,0.0,0.0
https://www.amazon.com/Data-Mining-Deceased-Julia-Creet/dp/B07DJ474YX/ref=sr_1_213?__mk_es_US=%C3%85M%C3%85%C5%BD%C3%95%C3%91&dchild=1&keywords=data+science&qid=1619021257&sr=8-213,nan,4.0,0,0.0,0.0,0.0,0.0,0.0
https://www.amazon.com/Linux-Manuscripts-Underground-Understand-Programming/dp/B08JQLW6G7/ref=sr_1_293?__mk_es_US=%C3%85M%C3%85%C5%BD%C3%95%C3%91&dchild=1&keywords=data+science&qid=1619021286&sr=8-293,"Linux: This Book Includes 4 Manuscripts. The Underground Bible to the UNIX Operating System with Tools on Security and Kali Hacking to Understand Computer Programming, Data Science and Command Line",3.9,32,0.0,7.51,0.0,0.0,0.0
https://www.amazon.com/Python-Programming-Deep-Learning-Beginners/dp/1914065301/ref=sr_1_301?__mk_es_US=%C3%85M%C3%85%C5%BD%C3%95%C3%91&dchild=1&keywords=data+science&qid=1619021286&sr=8-301,"Python Programming, Deep Learning: 3 Books in 1: A Complete Guide for Beginners, Python Coding for AI, Neural Networks, & Machine Learning, Data Science/Analysis with Practical Exercises for Learners",3.9,24,0.0,7.52,0.0,44.97,0.0
https://www.amazon.com/Blockchain-Crypto-Currency-Marketplace-Institutions-ebook/dp/B08761M9HH/ref=sr_1_207?__mk_es_US=%C3%85M%C3%85%C5%BD%C3%95%C3%91&dchild=1&keywords=data+science&qid=1619021257&sr=8-207,"Blockchain and Crypto Currency: Building a High Quality Marketplace for Crypto Data (Economics, Law, and Institutions in Asia Pacific)",3.9,24,0.0,0.0,0.0,0.0,0.0
https://www.amazon.com/Big-Data-Science-Analytics-Hands/dp/0996025537/ref=sr_1_295?__mk_es_US=%C3%85M%C3%85%C5%BD%C3%95%C3%91&dchild=1&keywords=data+science&qid=1619021286&sr=8-295,Big Data Science & Analytics: A Hands-On Approach,3.9,17,0.0,0.0,0.0,0.0,0.0
https://www.amazon.com/Data-Science-Beginners-Comprehensive-Important-ebook/dp/B08SPDBDSS/ref=sr_1_137?__mk_es_US=%C3%85M%C3%85%C5%BD%C3%95%C3%91&dchild=1&keywords=data+science&qid=1619021226&sr=8-137,Data Science for Beginners: Comprehensive Guide to Most Important Basics in Data Science (Data Science and Analysis),3.9,8,0.0,9.95,3.0,3.0,3.0
https://www.amazon.com/Data-Analytics-Using-R-Foundations/dp/311056467X/ref=sr_1_50?__mk_es_US=%C3%85M%C3%85%C5%BD%C3%95%C3%91&dchild=1&keywords=data+science&qid=1619021195&sr=8-50,Mathematical Foundations of Data Science Using R (De Gruyter STEM),3.9,5,0.0,0.0,0.0,0.0,0.0
https://www.amazon.com/Managing-Data-Science-strategies-sustainable/dp/1838826327/ref=sr_1_127?__mk_es_US=%C3%85M%C3%85%C5%BD%C3%95%C3%91&dchild=1&keywords=data+science&qid=1619021226&sr=8-127,Managing Data Science: Effective strategies to manage data science projects and build a sustainable team,3.9,3,0.0,16.02,0.0,0.0,0.0
https://www.amazon.com/Data-Science-Fundraising-Data-Driven-Solutions/dp/0692057846/ref=sr_1_168?__mk_es_US=%C3%85M%C3%85%C5%BD%C3%95%C3%91&dchild=1&keywords=data+science&qid=1619021241&sr=8-168,Data Science for Fundraising: Build Data-Driven Solutions Using R,3.8,25,0.0,13.47,0.0,0.0,0.0
https://www.amazon.com/Everyday-Data-Science-Optimize-Your/dp/B08TZ1MT3W/ref=sr_1_52?__mk_es_US=%C3%85M%C3%85%C5%BD%C3%95%C3%91&dchild=1&keywords=data+science&qid=1619021211&sr=8-52,Everyday Data Science: Optimize Your Life,3.8,5,0.0,7.51,0.0,17.49,0.0
https://www.amazon.com/Business-Intelligence-Essential-Artificial-Cybersecurity/dp/1697955002/ref=sr_1_273?__mk_es_US=%C3%85M%C3%85%C5%BD%C3%95%C3%91&dchild=1&keywords=data+science&qid=1619021272&sr=8-273,"Business Intelligence: An Essential Beginnerâ€™s Guide to BI, Big Data, Artificial Intelligence, Cybersecurity, Machine Learning, Data Science, Data Analytics, Social Media and Internet Marketing",3.7,5,0.0,2.82,0.0,13.0,0.0
https://www.amazon.com/Statistics-Beginners-Fundamentals-Probability-Applications/dp/1654173320/ref=sr_1_300?__mk_es_US=%C3%85M%C3%85%C5%BD%C3%95%C3%91&dchild=1&keywords=data+science&qid=1619021286&sr=8-300,"Statistics for Beginners: Fundamentals of Probability and Statistics for Data Science and Business Applications, Made Easy for You",3.6,7,0.0,7.52,0.0,21.45,0.0
https://www.amazon.com/Cracking-Data-Science-Interview-Questions/dp/171068013X/ref=sr_1_153?__mk_es_US=%C3%85M%C3%85%C5%BD%C3%95%C3%91&dchild=1&keywords=data+science&qid=1619021241&sr=8-153,Cracking the Data Science Interview: 101+ Data Science Questions & Solutions,3.5,24,0.0,7.57,0.0,0.0,0.0
https://www.amazon.com/Data-Science-Essentials-Python-Programmers/dp/1680501844/ref=sr_1_172?__mk_es_US=%C3%85M%C3%85%C5%BD%C3%95%C3%91&dchild=1&keywords=data+science&qid=1619021241&sr=8-172,Data Science Essentials in Python: Collect - Organize - Explore - Predict - Value (The Pragmatic Programmers),3.5,10,0.0,0.0,0.0,0.0,0.0
https://www.amazon.com/Turning-Data-into-Wisdom-Organizations-ebook/dp/B08SKM42YM/ref=sr_1_240?__mk_es_US=%C3%85M%C3%85%C5%BD%C3%95%C3%91&dchild=1&keywords=data+science&qid=1619021257&sr=8-240,"Turning Data into Wisdom: How We Can Collaborate with Data to Change Ourselves, Our Organizations, and Even the World",3.5,3,0.0,32.85,4.96,4.96,4.96
https://www.amazon.com/Big-Data-Social-Science-Statistics/dp/0367568594/ref=sr_1_72?__mk_es_US=%C3%85M%C3%85%C5%BD%C3%95%C3%91&dchild=1&keywords=data+science&qid=1619021211&sr=8-72,Big Data and Social Science: Data Science Methods and Tools for Research and Practice (Chapman & Hall/CRC Statistics in the Social and Behavioral Sciences),3.5,2,0.0,0.0,0.0,0.0,0.0
https://www.amazon.com/Future-Legal-Marijuana-Explained/dp/B072HMWYVN/ref=sr_1_264?__mk_es_US=%C3%85M%C3%85%C5%BD%C3%95%C3%91&dchild=1&keywords=data+science&qid=1619021272&sr=8-264,nan,3.5,0,0.0,0.0,0.0,0.0,0.0
https://www.amazon.com/Data-Science-Julia-Paul-McNicholas/dp/1138499986/ref=sr_1_263?__mk_es_US=%C3%85M%C3%85%C5%BD%C3%95%C3%91&dchild=1&keywords=data+science&qid=1619021272&sr=8-263,Data Science with Julia,3.4,7,0.0,0.0,0.0,0.0,0.0
https://www.amazon.com/Circle-Emma-Watson/dp/B07495F265/ref=sr_1_35?__mk_es_US=%C3%85M%C3%85%C5%BD%C3%95%C3%91&dchild=1&keywords=data+science&qid=1619021195&sr=8-35,nan,3.4,0,0.0,0.0,0.0,0.0,0.0
https://www.amazon.com/Heard-Data-Science-Interviews-Interview/dp/1727287320/ref=sr_1_144?__mk_es_US=%C3%85M%C3%85%C5%BD%C3%95%C3%91&dchild=1&keywords=data+science&qid=1619021226&sr=8-144,Heard In Data Science Interviews: Over 650 Most Commonly Asked Interview Questions & Answers,3.3,43,0.0,0.0,0.0,47.99,0.0
https://www.amazon.com/Heard-Data-Science-Interviews-Interview/dp/1727287320/ref=sr_1_145?__mk_es_US=%C3%85M%C3%85%C5%BD%C3%95%C3%91&dchild=1&keywords=data+science&qid=1619021241&sr=8-145,Heard In Data Science Interviews: Over 650 Most Commonly Asked Interview Questions & Answers,3.3,43,0.0,0.0,0.0,47.99,0.0
https://www.amazon.com/Machine-Learning-Programming-Understand-Intelligence/dp/B086R6JFLW/ref=sr_1_78?__mk_es_US=%C3%85M%C3%85%C5%BD%C3%95%C3%91&dchild=1&keywords=data+science&qid=1619021211&sr=8-78,Machine Learning: 4 Books in 1: A Complete Overview for Beginners to Master the Basics of Python Programming and Understand How to Build Artificial Intelligence Through Data Science,3.3,7,0.0,7.51,0.0,0.0,0.0
https://www.amazon.com/Machine-Learning-Programming-Understand-Intelligence/dp/B086R6JFLW/ref=sr_1_98?__mk_es_US=%C3%85M%C3%85%C5%BD%C3%95%C3%91&dchild=1&keywords=data+science&qid=1619021226&sr=8-98,Machine Learning: 4 Books in 1: A Complete Overview for Beginners to Master the Basics of Python Programming and Understand How to Build Artificial Intelligence Through Data Science,3.3,7,0.0,7.51,0.0,0.0,0.0
https://www.amazon.com/collection-Advanced-Learning-Interview-Questions/dp/1518678645/ref=sr_1_289?__mk_es_US=%C3%85M%C3%85%C5%BD%C3%95%C3%91&dchild=1&keywords=data+science&qid=1619021286&sr=8-289,A collection of Advanced Data Science and Machine Learning Interview Questions Solved in Python and Spark (II): Hands-on Big Data and Machine ... Programming Interview Questions) (Volume 7),3.2,8,0.0,6.24,0.0,20.99,0.0
https://www.amazon.com/Python-Data-Science-Steve-Blair-audiobook/dp/B07Z5FF2BB/ref=sr_1_237?__mk_es_US=%C3%85M%C3%85%C5%BD%C3%95%C3%91&dchild=1&keywords=data+science&qid=1619021257&sr=8-237,"Python Data Science: The Ultimate Handbook for Beginners on How to Explore NumPy for Numerical Data, Pandas for Data Analysis, IPython, Scikit-Learn and Tensorflow for Machine Learning and Business",2.9,10,0.0,3.73,0.0,0.0,0.0
https://www.amazon.com/Data-Science-Healthcare-Methodologies-Applications-ebook/dp/B07P1JRPTH/ref=sr_1_202?__mk_es_US=%C3%85M%C3%85%C5%BD%C3%95%C3%91&dchild=1&keywords=data+science&qid=1619021257&sr=8-202,Data Science for Healthcare: Methodologies and Applications,2.5,2,0.0,0.0,0.0,0.0,0.0
https://www.amazon.com/Data-Science-Beginners-Programming-Learning/dp/1914167503/ref=sr_1_198?__mk_es_US=%C3%85M%C3%85%C5%BD%C3%95%C3%91&dchild=1&keywords=data+science&qid=1619021257&sr=8-198,"Data Science for Beginners: 4 Books in 1: Python Programming, Data Analysis, Machine Learning. A Complete Overview to Master The Art of Data Science ... Python for Business (Data Science Mastery)",2.5,2,0.0,0.0,0.0,33.76,0.0
https://www.amazon.com/Data-Center-True-Cost-Internet/dp/B074PFCZGJ/ref=sr_1_108?__mk_es_US=%C3%85M%C3%85%C5%BD%C3%95%C3%91&dchild=1&keywords=data+science&qid=1619021226&sr=8-108,nan,2.2,0,0.0,0.0,0.0,0.0,0.0
https://www.amazon.com/Data-Science-Finance-Irene-Aldridge/dp/111960298X/ref=sr_1_128?__mk_es_US=%C3%85M%C3%85%C5%BD%C3%95%C3%91&dchild=1&keywords=data+science&qid=1619021226&sr=8-128,Big Data Science in Finance,1.0,1,0.0,0.0,0.0,0.0,0.0
https://www.amazon.com/Data-Science-Complete-Beginners-Should-ebook/dp/B091D4WPKC/ref=sr_1_114?__mk_es_US=%C3%85M%C3%85%C5%BD%C3%95%C3%91&dchild=1&keywords=data+science&qid=1619021226&sr=8-114,Data Science: The Complete Guide To Data Science For Beginners: Data Science Books You Should Read,1.0,1,0.0,8.99,4.43,4.43,4.43
https://www.amazon.com/Modern-Science-Chapman-Texts-Statistical/dp/0367191490/ref=sr_1_15?__mk_es_US=%C3%85M%C3%85%C5%BD%C3%95%C3%91&dchild=1&keywords=data+science&qid=1619021195&sr=8-15,Modern Data Science with R (Chapman & Hall/CRC Texts in Statistical Science),0.0,0,0.0,0.0,0.0,0.0,0.0
https://www.amazon.com/Fundamentals-Data-Science-MATLAB-Visualization-ebook/dp/B08MQDWG33/ref=sr_1_47?__mk_es_US=%C3%85M%C3%85%C5%BD%C3%95%C3%91&dchild=1&keywords=data+science&qid=1619021195&sr=8-47,"Fundamentals of Data Science with MATLAB: Introduction to Scientific Computing, Data Analysis, and Data Visualization",0.0,0,0.0,26.0,27.83,27.83,27.83
https://www.amazon.com/Explanatory-Model-Analysis-Explore-Predictive/dp/0367135590/ref=sr_1_42?__mk_es_US=%C3%85M%C3%85%C5%BD%C3%95%C3%91&dchild=1&keywords=data+science&qid=1619021195&sr=8-42,"Explanatory Model Analysis: Explore, Explain, and Examine Predictive Models (Chapman & Hall/CRC Data Science Series)",0.0,0,0.0,0.0,0.0,0.0,0.0
https://www.amazon.com/dp/B0933FMJK2/ref=sr_1_40?__mk_es_US=%C3%85M%C3%85%C5%BD%C3%95%C3%91&dchild=1&keywords=data+science&qid=1619021195&sr=8-40,"Intro to Python for Computer Science and Data Science: Learning to Program with AI, Big Data and The Cloud",0.0,0,0.0,0.0,24.11,24.11,24.11
https://www.amazon.com/Data-Science-AWS-End-End/dp/1492079391/ref=sr_1_6?__mk_es_US=%C3%85M%C3%85%C5%BD%C3%95%C3%91&dchild=1&keywords=data+science&qid=1619021195&sr=8-6,"Data Science on AWS: Implementing End-to-End, Continuous AI and Machine Learning Pipelines",0.0,0,0.0,0.0,0.0,0.0,0.0
https://www.amazon.com/Machine-Learning-Guide-Using-Python/dp/0128219297/ref=sr_1_97?__mk_es_US=%C3%85M%C3%85%C5%BD%C3%95%C3%91&dchild=1&keywords=data+science&qid=1619021211&sr=8-97,"Machine Learning Guide for Oil and Gas Using Python: A Step-by-Step Breakdown with Data, Algorithms, Codes, and Applications",0.0,0,0.0,89.88,0.0,150.0,0.0
https://www.amazon.com/Hands-Data-Analysis-Pandas-visualization/dp/1800563450/ref=sr_1_94?__mk_es_US=%C3%85M%C3%85%C5%BD%C3%95%C3%91&dchild=1&keywords=data+science&qid=1619021211&sr=8-94,"Hands-On Data Analysis with Pandas - Second Edition: A Python data science handbook for data collection, wrangling, analysis, and visualization",0.0,0,0.0,31.99,0.0,0.0,0.0
https://www.amazon.com/Responsible-Data-Science-Transparency-Algorithms/dp/1119741750/ref=sr_1_90?__mk_es_US=%C3%85M%C3%85%C5%BD%C3%95%C3%91&dchild=1&keywords=data+science&qid=1619021211&sr=8-90,Responsible Data Science: Transparency and Fairness in Algorithms,0.0,0,0.0,0.0,0.0,0.0,0.0
https://www.amazon.com/Science-Mathematicians-Chapman-Handbooks-Mathematics/dp/0367027054/ref=sr_1_89?__mk_es_US=%C3%85M%C3%85%C5%BD%C3%95%C3%91&dchild=1&keywords=data+science&qid=1619021211&sr=8-89,Data Science for Mathematicians (CRC Press/Chapman and Hall Handbooks in Mathematics Series),0.0,0,0.0,0.0,0.0,0.0,0.0
https://www.amazon.com/Science-Public-Policy-Springer-Sciences/dp/3030713512/ref=sr_1_83?__mk_es_US=%C3%85M%C3%85%C5%BD%C3%95%C3%91&dchild=1&keywords=data+science&qid=1619021211&sr=8-83,Data Science for Public Policy (Springer Series in the Data Sciences),0.0,0,0.0,0.0,0.0,0.0,0.0
https://www.amazon.com/Beginning-Mathematica-Wolfram-Data-Science/dp/1484265939/ref=sr_1_79?__mk_es_US=%C3%85M%C3%85%C5%BD%C3%95%C3%91&dchild=1&keywords=data+science&qid=1619021211&sr=8-79,"Beginning Mathematica and Wolfram for Data Science: Applications in Data Analysis, Machine Learning, and Neural Networks",0.0,0,0.0,35.75,0.0,44.99,0.0
https://www.amazon.com/Python-Beginners-Complete-Learning-Quickly-ebook/dp/B092TQJNTH/ref=sr_1_77?__mk_es_US=%C3%85M%C3%85%C5%BD%C3%95%C3%91&dchild=1&keywords=data+science&qid=1619021211&sr=8-77,Python for Beginners: A Complete Beginner's Guide to Learning Python Quickly,0.0,0,0.0,23.24,0.0,0.0,0.0
https://www.amazon.com/Machine-Learning-Science-Generation-Industry/dp/0128197420/ref=sr_1_74?__mk_es_US=%C3%85M%C3%85%C5%BD%C3%95%C3%91&dchild=1&keywords=data+science&qid=1619021211&sr=8-74,"Machine Learning and Data Science in the Power Generation Industry: Best Practices, Tools, and Case Studies",0.0,0,0.0,0.0,0.0,0.0,0.0
https://www.amazon.com/Categorical-Analysis-Behavioral-Social-Sciences/dp/0367352745/ref=sr_1_142?__mk_es_US=%C3%85M%C3%85%C5%BD%C3%95%C3%91&dchild=1&keywords=data+science&qid=1619021226&sr=8-142,Categorical Data Analysis for the Behavioral and Social Sciences,0.0,0,0.0,0.0,0.0,0.0,0.0
https://www.amazon.com/Designing-Science-Presentations-Figures-Posters/dp/0128153776/ref=sr_1_138?__mk_es_US=%C3%85M%C3%85%C5%BD%C3%95%C3%91&dchild=1&keywords=data+science&qid=1619021226&sr=8-138,"Designing Science Presentations: A Visual Guide to Figures, Papers, Slides, Posters, and More",0.0,0,0.0,0.0,0.0,0.0,0.0
https://www.amazon.com/Data-Science-Command-Line-Explore/dp/1492087912/ref=sr_1_131?__mk_es_US=%C3%85M%C3%85%C5%BD%C3%95%C3%91&dchild=1&keywords=data+science&qid=1619021226&sr=8-131,"Data Science at the Command Line: Obtain, Scrub, Explore, and Model Data with Unix Power Tools",0.0,0,0.0,0.0,0.0,0.0,0.0
https://www.amazon.com/Guide-Intelligent-Data-Science-Intelligently/dp/3030455734/ref=sr_1_126?__mk_es_US=%C3%85M%C3%85%C5%BD%C3%95%C3%91&dchild=1&keywords=data+science&qid=1619021226&sr=8-126,Guide to Intelligent Data Science: How to Intelligently Make Use of Real Data (Texts in Computer Science),0.0,0,0.0,0.0,0.0,0.0,0.0
https://www.amazon.com/Mathematical-Foundations-Analysis-Springer-Sciences/dp/3030623408/ref=sr_1_122?__mk_es_US=%C3%85M%C3%85%C5%BD%C3%95%C3%91&dchild=1&keywords=data+science&qid=1619021226&sr=8-122,Mathematical Foundations for Data Analysis (Springer Series in the Data Sciences),0.0,0,0.0,0.0,0.0,0.0,0.0
https://www.amazon.com/Computer-Architecture-Handbook-Beginners-Dummies-ebook/dp/B093135H5J/ref=sr_1_189?__mk_es_US=%C3%85M%C3%85%C5%BD%C3%95%C3%91&dchild=1&keywords=data+science&qid=1619021241&sr=8-189,New Guide To Computer Architecture Handbook For Beginners And Dummies,0.0,0,0.0,11.99,4.01,4.01,4.01
https://www.amazon.com/Data-Science-Applications-Bharatendra-Rai/dp/B07KY3QQKL/ref=sr_1_185?__mk_es_US=%C3%85M%C3%85%C5%BD%C3%95%C3%91&dchild=1&keywords=data+science&qid=1619021241&sr=8-185,nan,0.0,0,0.0,0.0,0.0,0.0,0.0
https://www.amazon.com/Doing-Data-Science-Introduction-Scientists-ebook/dp/B08ZSSLV5W/ref=sr_1_186?__mk_es_US=%C3%85M%C3%85%C5%BD%C3%95%C3%91&dchild=1&keywords=data+science&qid=1619021241&sr=8-186,Doing Data Science in R: An Introduction for Social Scientists,0.0,0,0.0,0.0,0.0,0.0,0.0
https://www.amazon.com/Fundamental-Statistics-Thinking-Cognitive-Bias-ebook/dp/B09314FB9V/ref=sr_1_180?__mk_es_US=%C3%85M%C3%85%C5%BD%C3%95%C3%91&dchild=1&keywords=data+science&qid=1619021241&sr=8-180,The Fundamental To Statistics Thinking And Cognitive Bias: The Important Of Managerial Skills,0.0,0,0.0,0.0,3.99,3.99,3.99
https://www.amazon.com/Artificial-Intelligence-Learning-Pharmaceutical-Industry/dp/0128200456/ref=sr_1_179?__mk_es_US=%C3%85M%C3%85%C5%BD%C3%95%C3%91&dchild=1&keywords=data+science&qid=1619021241&sr=8-179,"The Era of Artificial Intelligence, Machine Learning, and Data Science in the Pharmaceutical Industry",0.0,0,0.0,0.0,0.0,0.0,0.0
https://www.amazon.com/dp/B0932RDHMD/ref=sr_1_169?__mk_es_US=%C3%85M%C3%85%C5%BD%C3%95%C3%91&dchild=1&keywords=data+science&qid=1619021241&sr=8-169,The Complete MBA Coursework Bundle 1-2 : Introduction to Supply Chain & BlockChain and Cryptocurrency,0.0,0,0.0,0.0,3.99,3.99,3.99
https://www.amazon.com/dp/B0931QVWDX/ref=sr_1_239?__mk_es_US=%C3%85M%C3%85%C5%BD%C3%95%C3%91&dchild=1&keywords=data+science&qid=1619021257&sr=8-239,MASTERING STATISTICAL THINKING : Learning Logics Of Statistical Thinking From Beginners To Expert Level,0.0,0,0.0,0.0,3.99,3.99,3.99
https://www.amazon.com/dp/B093233L97/ref=sr_1_228?__mk_es_US=%C3%85M%C3%85%C5%BD%C3%95%C3%91&dchild=1&keywords=data+science&qid=1619021257&sr=8-228,Biblioterapia & MediaÃ§Ã£o Afetuosa da Literatura (Portuguese Edition),0.0,0,0.0,0.0,4.5,4.5,4.5
https://www.amazon.com/Data-Science-Beginners-2020-Strategies/dp/B08643MZBP/ref=sr_1_227?__mk_es_US=%C3%85M%C3%85%C5%BD%C3%95%C3%91&dchild=1&keywords=data+science&qid=1619021257&sr=8-227,"Data Science for Beginners 2020: Learn How Data Analytics and Machine Learning Are Used to Define New Strategies for Marketing and Business. (The Data Science Bible, Book 1)",0.0,0,0.0,0.0,0.0,0.0,0.0
https://www.amazon.com/Information-System-National-Science-Center-ebook/dp/B092RXKKBP/ref=sr_1_218?__mk_es_US=%C3%85M%C3%85%C5%BD%C3%95%C3%91&dchild=1&keywords=data+science&qid=1619021257&sr=8-218,Data Information System At The National Space Science Data Center,0.0,0,0.0,0.0,13.99,13.99,13.99
https://www.amazon.com/Essentials-Data-Science-Analytics-R-Statistical-ebook/dp/B092GN91FJ/ref=sr_1_286?__mk_es_US=%C3%85M%C3%85%C5%BD%C3%95%C3%91&dchild=1&keywords=data+science&qid=1619021272&sr=8-286,"Essentials of Data Science and Analytics: Statistical Tools, Machine Learning, and R-Statistical Software Overview",0.0,0,0.0,0.0,9.91,9.91,9.91
https://www.amazon.com/Algorithmic-Governance-Algorithms-Challenges-Intelligence-ebook/dp/B08KXLCSL1/ref=sr_1_283?__mk_es_US=%C3%85M%C3%85%C5%BD%C3%95%C3%91&dchild=1&keywords=data+science&qid=1619021272&sr=8-283,"Algorithmic Governance and Governance of Algorithms: Legal and Ethical Challenges (Data Science, Machine Intelligence, and Law Book 1)",0.0,0,0.0,0.0,0.0,0.0,0.0
https://www.amazon.com/Restricted-Data-History-Nuclear-Secrecy/dp/022602038X/ref=sr_1_282?__mk_es_US=%C3%85M%C3%85%C5%BD%C3%95%C3%91&dchild=1&keywords=data+science&qid=1619021272&sr=8-282,Restricted Data: The History of Nuclear Secrecy in the United States,0.0,0,0.0,0.0,0.0,0.0,0.0
https://www.amazon.com/Its-All-Analytics-Architecture-Organization/dp/0367359715/ref=sr_1_274?__mk_es_US=%C3%85M%C3%85%C5%BD%C3%95%C3%91&dchild=1&keywords=data+science&qid=1619021272&sr=8-274,"It's All Analytics - Part II: Designing an Integrated AI, Analytics, and Data Science Architecture for Your Organization",0.0,0,0.0,0.0,0.0,0.0,0.0
https://www.amazon.com/dp/B093365TQB/ref=sr_1_271?__mk_es_US=%C3%85M%C3%85%C5%BD%C3%95%C3%91&dchild=1&keywords=data+science&qid=1619021272&sr=8-271,Information theory assisted data visualization and exploration,0.0,0,0.0,0.0,5.0,5.0,5.0
https://www.amazon.com/Privacy-Information-Society-Library-Essays-ebook/dp/B01MTXBSCM/ref=sr_1_298?__mk_es_US=%C3%85M%C3%85%C5%BD%C3%95%C3%91&dchild=1&keywords=data+science&qid=1619021286&sr=8-298,Privacy in the Information Society: Volume II (The Library of Essays on Law and Privacy Book 2),0.0,0,0.0,0.0,0.0,0.0,0.0
https://www.amazon.com/Essentials-Data-Science-Analytics-R-Statistical-ebook/dp/B092GN91FJ/ref=sr_1_290?__mk_es_US=%C3%85M%C3%85%C5%BD%C3%95%C3%91&dchild=1&keywords=data+science&qid=1619021286&sr=8-290,"Essentials of Data Science and Analytics: Statistical Tools, Machine Learning, and R-Statistical Software Overview",0.0,0,0.0,0.0,9.91,9.91,9.91
https://www.amazon.com/dp/B0933M2P7W/ref=sr_1_260?__mk_es_US=%C3%85M%C3%85%C5%BD%C3%95%C3%91&dchild=1&keywords=data+science&qid=1619021272&sr=8-260,Big Data and Artificial Intelligence for Healthcare Applications (Big Data for Industry 4.0),0.0,0,0.0,0.0,0.0,0.0,0.0
https://www.amazon.com/Data-Strategy-Analytics-Artificial-Intelligence/dp/1398602604/ref=sr_1_255?__mk_es_US=%C3%85M%C3%85%C5%BD%C3%95%C3%91&dchild=1&keywords=data+science&qid=1619021272&sr=8-255,"Data Strategy: How to Profit from a World of Big Data, Analytics and Artificial Intelligence",0.0,0,0.0,0.0,0.0,0.0,0.0
https://www.amazon.com/Projects-Synthesis-Lectures-Computation-Analytics/dp/1636390382/ref=sr_1_253?__mk_es_US=%C3%85M%C3%85%C5%BD%C3%95%C3%91&dchild=1&keywords=data+science&qid=1619021272&sr=8-253,Why AI/Data Science Projects Fail (Synthesis Lectures on Computation and Analytics),0.0,0,0.0,0.0,0.0,0.0,0.0
https://www.amazon.com/Advanced-Classification-Analysis-Knowledge-Organization-ebook/dp/B08K42G49Q/ref=sr_1_248?__mk_es_US=%C3%85M%C3%85%C5%BD%C3%95%C3%91&dchild=1&keywords=data+science&qid=1619021272&sr=8-248,"Advanced Studies in Classification and Data Science (Studies in Classification, Data Analysis, and Knowledge Organization)",0.0,0,0.0,0.0,0.0,0.0,0.0
https://www.amazon.com/Data-Science-Learning-Artificial-Intelligence/dp/B084T3S7S4/ref=sr_1_247?__mk_es_US=%C3%85M%C3%85%C5%BD%C3%95%C3%91&dchild=1&keywords=data+science&qid=1619021272&sr=8-247,"Data Science: 2 in 1 Bundle: Machine Learning, Artificial Intelligence, Data Analysis and Deep Learning",0.0,0,0.0,7.45,0.0,0.0,0.0
https://www.amazon.com/Data-Science-Applications-Handbook-Statistics/dp/0323852009/ref=sr_1_242?__mk_es_US=%C3%85M%C3%85%C5%BD%C3%95%C3%91&dchild=1&keywords=data+science&qid=1619021272&sr=8-242,"Data Science: Theory and Applications (Volume 44) (Handbook of Statistics, Volume 44)",0.0,0,0.0,261.87,0.0,250.0,0.0
https://www.amazon.com/Statistics-Julia-Fundamentals-Artificial-Intelligence/dp/3030709000/ref=sr_1_214?__mk_es_US=%C3%85M%C3%85%C5%BD%C3%95%C3%91&dchild=1&keywords=data+science&qid=1619021257&sr=8-214,"Statistics with Julia: Fundamentals for Data Science, Machine Learning and Artificial Intelligence (Springer Series in the Data Sciences)",0.0,0,0.0,0.0,0.0,0.0,0.0
https://www.amazon.com/Operation-National-Space-Science-Center-ebook/dp/B092T9ZN32/ref=sr_1_212?__mk_es_US=%C3%85M%C3%85%C5%BD%C3%95%C3%91&dchild=1&keywords=data+science&qid=1619021257&sr=8-212,The Operation Of The National Space Science Data Center,0.0,0,0.0,0.0,14.06,14.06,14.06
https://www.amazon.com/Digimon-Complete-DVD-Collection-Season/dp/B092KVMJ1X/ref=sr_1_210?__mk_es_US=%C3%85M%C3%85%C5%BD%C3%95%C3%91&dchild=1&keywords=data+science&qid=1619021257&sr=8-210,Digimon Complete Series DVD Collection Season 1-4 Box Set,0.0,0,0.0,0.0,0.0,124.99,0.0
https://www.amazon.com/Management-National-Space-Science-Center-ebook/dp/B092TJTQML/ref=sr_1_203?__mk_es_US=%C3%85M%C3%85%C5%BD%C3%95%C3%91&dchild=1&keywords=data+science&qid=1619021257&sr=8-203,Data Management At The National Space Science Data Center,0.0,0,0.0,0.0,14.06,14.06,14.06
https://www.amazon.com/Principles-Science-Transactions-Computational-Intelligence/dp/3030439801/ref=sr_1_195?__mk_es_US=%C3%85M%C3%85%C5%BD%C3%95%C3%91&dchild=1&keywords=data+science&qid=1619021257&sr=8-195,Principles of Data Science (Transactions on Computational Science and Computational Intelligence),0.0,0,0.0,0.0,0.0,0.0,0.0
https://www.amazon.com/Sciences-Processing-National-Aeronautics-Administration-ebook/dp/B092TL59NB/ref=sr_1_194?__mk_es_US=%C3%85M%C3%85%C5%BD%C3%95%C3%91&dchild=1&keywords=data+science&qid=1619021257&sr=8-194,Space Sciences Data Processing,0.0,0,0.0,0.0,14.06,14.06,14.06
https://www.amazon.com/Python-Analysis-Beginners-Step-Step/dp/1801324042/ref=sr_1_167?__mk_es_US=%C3%85M%C3%85%C5%BD%C3%95%C3%91&dchild=1&keywords=data+science&qid=1619021241&sr=8-167,"Python Data Analysis For Beginners 2021: A Step-By-Step Guide to Master the Basics of Data Science And Analysis In Python, Using Pandas, Numpy And ... your project in few days (Machine Learning)",0.0,0,0.0,0.0,0.0,21.95,0.0
https://www.amazon.com/902-Financial-Analysis-Data-Online/dp/B07ZZK9YVB/ref=sr_1_164?__mk_es_US=%C3%85M%C3%85%C5%BD%C3%95%C3%91&dchild=1&keywords=data+science&qid=1619021241&sr=8-164,nan,0.0,0,0.0,0.0,0.0,0.0,0.0
https://www.amazon.com/Digital-Cell-Biology-Data-Science/dp/1621822788/ref=sr_1_163?__mk_es_US=%C3%85M%C3%85%C5%BD%C3%95%C3%91&dchild=1&keywords=data+science&qid=1619021241&sr=8-163,The Digital Cell: Cell Biology as a Data Science,0.0,0,0.0,0.0,0.0,0.0,0.0
https://www.amazon.com/Innovation-Clinical-Trial-Methodologies-Pandemic/dp/0128244909/ref=sr_1_159?__mk_es_US=%C3%85M%C3%85%C5%BD%C3%95%C3%91&dchild=1&keywords=data+science&qid=1619021241&sr=8-159,Innovation in Clinical Trial Methodologies: Lessons Learned during the Corona Pandemic,0.0,0,0.0,0.0,0.0,0.0,0.0
https://www.amazon.com/dp/B09338KP3K/ref=sr_1_158?__mk_es_US=%C3%85M%C3%85%C5%BD%C3%95%C3%91&dchild=1&keywords=data+science&qid=1619021241&sr=8-158,CYBER SECURITY 101 FOR BEGINNERS: A complete guide to cyber security for new learners,0.0,0,0.0,11.99,3.96,3.96,3.96
https://www.amazon.com/Machine-Learning-Data-Science-Industry/dp/0128207140/ref=sr_1_157?__mk_es_US=%C3%85M%C3%85%C5%BD%C3%95%C3%91&dchild=1&keywords=data+science&qid=1619021241&sr=8-157,"Machine Learning and Data Science in the Oil and Gas Industry: Best Practices, Tools, and Case Studies",0.0,0,0.0,124.85,0.0,145.0,0.0
https://www.amazon.com/Digging-Data-Sixth-Grade-Science/dp/B002FQOTO0/ref=sr_1_156?__mk_es_US=%C3%85M%C3%85%C5%BD%C3%95%C3%91&dchild=1&keywords=data+science&qid=1619021241&sr=8-156,Digging for Data: Sixth Grade Science Video Kit,0.0,0,0.0,0.0,0.0,0.0,0.0
https://www.amazon.com/Public-Policy-Analytics-Context-Government/dp/0367507617/ref=sr_1_152?__mk_es_US=%C3%85M%C3%85%C5%BD%C3%95%C3%91&dchild=1&keywords=data+science&qid=1619021241&sr=8-152,Public Policy Analytics: Code and Context for Data Science in Government (Chapman & Hall/CRC Data Science Series),0.0,0,0.0,0.0,0.0,0.0,0.0
https://www.amazon.com/Python-Beginners-Complete-Learning-Quickly-ebook/dp/B092TQJNTH/ref=sr_1_120?__mk_es_US=%C3%85M%C3%85%C5%BD%C3%95%C3%91&dchild=1&keywords=data+science&qid=1619021226&sr=8-120,Python for Beginners: A Complete Beginner's Guide to Learning Python Quickly,0.0,0,0.0,23.24,0.0,0.0,0.0
https://www.amazon.com/Mathematics-Programming-Machine-Learning-Ground-ebook/dp/B08JHDCX9Y/ref=sr_1_117?__mk_es_US=%C3%85M%C3%85%C5%BD%C3%95%C3%91&dchild=1&keywords=data+science&qid=1619021226&sr=8-117,Mathematics and Programming for Machine Learning with R: From the Ground Up,0.0,0,0.0,0.0,0.0,0.0,0.0
https://www.amazon.com/Requirements-National-Science-Center-Information-ebook/dp/B092SXD37F/ref=sr_1_105?__mk_es_US=%C3%85M%C3%85%C5%BD%C3%95%C3%91&dchild=1&keywords=data+science&qid=1619021226&sr=8-105,Requirements For The National Space Science Data Center Information System,0.0,0,0.0,0.0,13.99,13.99,13.99
https://www.amazon.com/Introduction-Analytics-Chapman-Hall-Science/dp/0367686317/ref=sr_1_106?__mk_es_US=%C3%85M%C3%85%C5%BD%C3%95%C3%91&dchild=1&keywords=data+science&qid=1619021226&sr=8-106,An Introduction to IoT Analytics (Chapman & Hall/CRC Data Science Series),0.0,0,0.0,0.0,0.0,0.0,0.0
https://www.amazon.com/Pancakes-Probabilities-Pok%C3%A9mon-Unofficial-Science/dp/B08ZQ3NVLX/ref=sr_1_101?__mk_es_US=%C3%85M%C3%85%C5%BD%C3%95%C3%91&dchild=1&keywords=data+science&qid=1619021226&sr=8-101,"Pancakes, Probabilities & PokÃ©mon: The Comic Con Fanâ€™s Unofficial Data Science Guide to PokÃ©mon",0.0,0,0.0,0.0,0.0,12.99,0.0
https://www.amazon.com/Data-Science-Business-Jeffrey-Saltz-ebook/dp/B08WPV2457/ref=sr_1_64?__mk_es_US=%C3%85M%C3%85%C5%BD%C3%95%C3%91&dchild=1&keywords=data+science&qid=1619021211&sr=8-64,Data Science for Business With R,0.0,0,0.0,0.0,0.0,0.0,0.0
https://www.amazon.com/Data-Science-Complexity-Inferential-Uncertainty/dp/3110697807/ref=sr_1_63?__mk_es_US=%C3%85M%C3%85%C5%BD%C3%95%C3%91&dchild=1&keywords=data+science&qid=1619021211&sr=8-63,"Data Science: Time Complexity, Inferential Uncertainty, and Spacekime Analytics (De Gruyter Stem)",0.0,0,0.0,0.0,0.0,0.0,0.0
https://www.amazon.com/Data-Science-Supply-Chain-Forecasting/dp/3110671107/ref=sr_1_56?__mk_es_US=%C3%85M%C3%85%C5%BD%C3%95%C3%91&dchild=1&keywords=data+science&qid=1619021211&sr=8-56,Data Science for Supply Chain Forecasting,0.0,0,0.0,0.0,0.0,0.0,0.0
https://www.amazon.com/Practical-Machine-Learning-Streaming-Python-ebook/dp/B0923T8ZY1/ref=sr_1_55?__mk_es_US=%C3%85M%C3%85%C5%BD%C3%95%C3%91&dchild=1&keywords=data+science&qid=1619021211&sr=8-55,"Practical Machine Learning for Streaming Data with Python: Design, Develop, and Validate Online Learning Models",0.0,0,0.0,39.99,33.29,33.29,33.29
